{
  "type": "FeatureCollection",
  "name": "mysuru_wards",
  "crs": {
    "type": "name",
    "properties": {
      "name": "urn:ogc:def:crs:OGC:1.3:CRS84"
    }
  },
  "features": [
    {
      "type": "Feature",
      "properties": {
        "ward_id": 1,
        "ward_number": 1,
        "ward_name": "Hebballu – Lakshmikantha Nagara",
        "population_2001": 5765,
        "population_2011": 15270,
        "city": "Mysuru",
        "state": "Karnataka",
        "source": "Mysuru District Administration, Government of Karnataka — Mysuru City Corporation Election-2018"
      },
      "geometry": {
        "type": "Polygon",
        "coordinates": [
          [
            [
              76.614714,
              12.347141
            ],
            [
              76.614562,
              12.34808
            ],
            [
              76.614193,
              12.348817
            ],
            [
              76.612891,
              12.348352
            ],
            [
              76.604689,
              12.343534
            ],
            [
              76.602021,
              12.342894
            ],
            [
              76.601321,
              12.341613
            ],
            [
              76.601006,
              12.341893
            ],
            [
              76.600809,
              12.342376
            ],
            [
              76.60009,
              12.346088
            ],
            [
              76.599659,
              12.346272
            ],
            [
              76.600198,
              12.348062
            ],
            [
              76.600234,
              12.348721
            ],
            [
              76.600925,
              12.349431
            ],
            [
              76.601527,
              12.350783
            ],
            [
              76.60221,
              12.351485
            ],
            [
              76.604357,
              12.35138
            ],
            [
              76.605102,
              12.351695
            ],
            [
              76.605902,
              12.352459
            ],
            [
              76.607429,
              12.353275
            ],
            [
              76.612846,
              12.353319
            ],
            [
              76.614885,
              12.353819
            ],
            [
              76.61855,
              12.354205
            ],
            [
              76.620122,
              12.351889
            ],
            [
              76.621075,
              12.349905
            ],
            [
              76.618676,
              12.349423
            ],
            [
              76.618568,
              12.349203
            ],
            [
              76.618613,
              12.347773
            ],
            [
              76.616996,
              12.347668
            ],
            [
              76.614714,
              12.347141
            ]
          ]
        ]
      }
    },
    {
      "type": "Feature",
      "properties": {
        "ward_id": 2,
        "ward_number": 2,
        "ward_name": "Manchegowdana Koppalu",
        "population_2001": 5697,
        "population_2011": 21837,
        "city": "Mysuru",
        "state": "Karnataka",
        "source": "Mysuru District Administration, Government of Karnataka — Mysuru City Corporation Election-2018"
      },
      "geometry": {
        "type": "Polygon",
        "coordinates": [
          [
            [
              76.614714,
              12.347141
            ],
            [
              76.614813,
              12.345869
            ],
            [
              76.614562,
              12.344508
            ],
            [
              76.614598,
              12.343517
            ],
            [
              76.615218,
              12.340173
            ],
            [
              76.61528,
              12.337778
            ],
            [
              76.618532,
              12.337769
            ],
            [
              76.618568,
              12.331301
            ],
            [
              76.617356,
              12.330783
            ],
            [
              76.61705,
              12.330818
            ],
            [
              76.612729,
              12.328607
            ],
            [
              76.612073,
              12.328449
            ],
            [
              76.61087,
              12.330309
            ],
            [
              76.610025,
              12.331213
            ],
            [
              76.605947,
              12.334144
            ],
            [
              76.60512,
              12.334408
            ],
            [
              76.603081,
              12.334724
            ],
            [
              76.600162,
              12.334504
            ],
            [
              76.598805,
              12.334811
            ],
            [
              76.59921,
              12.336803
            ],
            [
              76.599775,
              12.338594
            ],
            [
              76.602021,
              12.342894
            ],
            [
              76.604689,
              12.343534
            ],
            [
              76.612891,
              12.348352
            ],
            [
              76.614193,
              12.348817
            ],
            [
              76.614562,
              12.34808
            ],
            [
              76.614714,
              12.347141
            ]
          ]
        ]
      }
    },
    {
      "type": "Feature",
      "properties": {
        "ward_id": 3,
        "ward_number": 3,
        "ward_name": "Mahadeshwara Badavane",
        "population_2001": 35240,
        "population_2011": 10116,
        "city": "Mysuru",
        "state": "Karnataka",
        "source": "Mysuru District Administration, Government of Karnataka — Mysuru City Corporation Election-2018"
      },
      "geometry": {
        "type": "Polygon",
        "coordinates": [
          [
            [
              76.646326,
              12.335399
            ],
            [
              76.645509,
              12.330265
            ],
            [
              76.645122,
              12.329555
            ],
            [
              76.644781,
              12.32815
            ],
            [
              76.644772,
              12.326351
            ],
            [
              76.644916,
              12.325562
            ],
            [
              76.645895,
              12.322841
            ],
            [
              76.647287,
              12.320682
            ],
            [
              76.650854,
              12.31611
            ],
            [
              76.651491,
              12.314381
            ],
            [
              76.645455,
              12.315021
            ],
            [
              76.645212,
              12.31324
            ],
            [
              76.644287,
              12.313599
            ],
            [
              76.643488,
              12.314266
            ],
            [
              76.64329,
              12.314705
            ],
            [
              76.643317,
              12.31754
            ],
            [
              76.643191,
              12.318014
            ],
            [
              76.642751,
              12.318523
            ],
            [
              76.64099,
              12.319357
            ],
            [
              76.635582,
              12.321051
            ],
            [
              76.640586,
              12.325913
            ],
            [
              76.640622,
              12.328194
            ],
            [
              76.638322,
              12.330538
            ],
            [
              76.639068,
              12.335864
            ],
            [
              76.639742,
              12.336198
            ],
            [
              76.643218,
              12.336426
            ],
            [
              76.6432,
              12.337374
            ],
            [
              76.644637,
              12.337374
            ],
            [
              76.644835,
              12.337672
            ],
            [
              76.644835,
              12.338199
            ],
            [
              76.646829,
              12.337848
            ],
            [
              76.646326,
              12.335399
            ]
          ]
        ]
      }
    },
    {
      "type": "Feature",
      "properties": {
        "ward_id": 4,
        "ward_number": 4,
        "ward_name": "Hebbalu – Lokanayaka Nagara",
        "population_2001": 4290,
        "population_2011": 24645,
        "city": "Mysuru",
        "state": "Karnataka",
        "source": "Mysuru District Administration, Government of Karnataka — Mysuru City Corporation Election-2018"
      },
      "geometry": {
        "type": "Polygon",
        "coordinates": [
          [
            [
              76.623653,
              12.35431
            ],
            [
              76.625611,
              12.351459
            ],
            [
              76.626177,
              12.351204
            ],
            [
              76.626249,
              12.349581
            ],
            [
              76.626671,
              12.349581
            ],
            [
              76.626878,
              12.347659
            ],
            [
              76.626626,
              12.347545
            ],
            [
              76.62633,
              12.34564
            ],
            [
              76.626105,
              12.345088
            ],
            [
              76.622009,
              12.345491
            ],
            [
              76.62156,
              12.341288
            ],
            [
              76.620589,
              12.341244
            ],
            [
              76.620616,
              12.339699
            ],
            [
              76.619493,
              12.339489
            ],
            [
              76.619017,
              12.338409
            ],
            [
              76.618532,
              12.337769
            ],
            [
              76.61528,
              12.337778
            ],
            [
              76.615218,
              12.340173
            ],
            [
              76.614598,
              12.343517
            ],
            [
              76.614562,
              12.344508
            ],
            [
              76.614813,
              12.345869
            ],
            [
              76.614714,
              12.347141
            ],
            [
              76.616996,
              12.347668
            ],
            [
              76.618613,
              12.347773
            ],
            [
              76.618568,
              12.349203
            ],
            [
              76.618676,
              12.349423
            ],
            [
              76.621075,
              12.349905
            ],
            [
              76.620122,
              12.351889
            ],
            [
              76.61855,
              12.354205
            ],
            [
              76.623653,
              12.35431
            ]
          ]
        ]
      }
    },
    {
      "type": "Feature",
      "properties": {
        "ward_id": 5,
        "ward_number": 5,
        "ward_name": "Kumbara Koppalu",
        "population_2001": 10469,
        "population_2011": 19299,
        "city": "Mysuru",
        "state": "Karnataka",
        "source": "Mysuru District Administration, Government of Karnataka — Mysuru City Corporation Election-2018"
      },
      "geometry": {
        "type": "Polygon",
        "coordinates": [
          [
            [
              76.630417,
              12.345184
            ],
            [
              76.631756,
              12.338199
            ],
            [
              76.628818,
              12.337664
            ],
            [
              76.628001,
              12.338348
            ],
            [
              76.627569,
              12.338409
            ],
            [
              76.62721,
              12.338743
            ],
            [
              76.62544,
              12.338883
            ],
            [
              76.625386,
              12.339524
            ],
            [
              76.624632,
              12.339585
            ],
            [
              76.624246,
              12.33819
            ],
            [
              76.62412,
              12.336742
            ],
            [
              76.623051,
              12.336768
            ],
            [
              76.621155,
              12.336558
            ],
            [
              76.618523,
              12.336619
            ],
            [
              76.618532,
              12.337769
            ],
            [
              76.619017,
              12.338409
            ],
            [
              76.619404,
              12.339392
            ],
            [
              76.619709,
              12.339612
            ],
            [
              76.620616,
              12.339699
            ],
            [
              76.620589,
              12.341244
            ],
            [
              76.62156,
              12.341288
            ],
            [
              76.622009,
              12.345491
            ],
            [
              76.626105,
              12.345088
            ],
            [
              76.626285,
              12.345544
            ],
            [
              76.626985,
              12.345316
            ],
            [
              76.628441,
              12.345202
            ],
            [
              76.628872,
              12.345412
            ],
            [
              76.629716,
              12.34536
            ],
            [
              76.630327,
              12.345491
            ],
            [
              76.630417,
              12.345184
            ]
          ]
        ]
      }
    },
    {
      "type": "Feature",
      "properties": {
        "ward_id": 6,
        "ward_number": 6,
        "ward_name": "Gokulam III Stage",
        "population_2001": 6625,
        "population_2011": 10772,
        "city": "Mysuru",
        "state": "Karnataka",
        "source": "Mysuru District Administration, Government of Karnataka — Mysuru City Corporation Election-2018"
      },
      "geometry": {
        "type": "Polygon",
        "coordinates": [
          [
            [
              76.631756,
              12.338199
            ],
            [
              76.632483,
              12.335119
            ],
            [
              76.632851,
              12.331898
            ],
            [
              76.6311,
              12.330239
            ],
            [
              76.630013,
              12.329335
            ],
            [
              76.62986,
              12.329634
            ],
            [
              76.628818,
              12.33059
            ],
            [
              76.628692,
              12.330897
            ],
            [
              76.625333,
              12.330906
            ],
            [
              76.624165,
              12.331345
            ],
            [
              76.623752,
              12.332056
            ],
            [
              76.623877,
              12.332266
            ],
            [
              76.624129,
              12.332284
            ],
            [
              76.623743,
              12.333943
            ],
            [
              76.62421,
              12.337944
            ],
            [
              76.624632,
              12.339585
            ],
            [
              76.625386,
              12.339524
            ],
            [
              76.62544,
              12.338883
            ],
            [
              76.62721,
              12.338743
            ],
            [
              76.627569,
              12.338409
            ],
            [
              76.628001,
              12.338348
            ],
            [
              76.628818,
              12.337664
            ],
            [
              76.631756,
              12.338199
            ]
          ]
        ]
      }
    },
    {
      "type": "Feature",
      "properties": {
        "ward_id": 7,
        "ward_number": 7,
        "ward_name": "Metagalli",
        "population_2001": 8246,
        "population_2011": 18176,
        "city": "Mysuru",
        "state": "Karnataka",
        "source": "Mysuru District Administration, Government of Karnataka — Mysuru City Corporation Election-2018"
      },
      "geometry": {
        "type": "Polygon",
        "coordinates": [
          [
            [
              76.644098,
              12.346053
            ],
            [
              76.643631,
              12.345079
            ],
            [
              76.64329,
              12.343824
            ],
            [
              76.6432,
              12.340981
            ],
            [
              76.63914,
              12.340296
            ],
            [
              76.63852,
              12.33991
            ],
            [
              76.637325,
              12.341876
            ],
            [
              76.635492,
              12.344078
            ],
            [
              76.632232,
              12.344772
            ],
            [
              76.632241,
              12.345044
            ],
            [
              76.630695,
              12.345088
            ],
            [
              76.630417,
              12.345184
            ],
            [
              76.630327,
              12.345491
            ],
            [
              76.629716,
              12.34536
            ],
            [
              76.628872,
              12.345412
            ],
            [
              76.628441,
              12.345202
            ],
            [
              76.626985,
              12.345316
            ],
            [
              76.626285,
              12.345544
            ],
            [
              76.626626,
              12.347545
            ],
            [
              76.626896,
              12.347764
            ],
            [
              76.626671,
              12.349581
            ],
            [
              76.626249,
              12.349581
            ],
            [
              76.626177,
              12.351204
            ],
            [
              76.625611,
              12.351459
            ],
            [
              76.623653,
              12.35431
            ],
            [
              76.624623,
              12.354109
            ],
            [
              76.626554,
              12.352942
            ],
            [
              76.627839,
              12.35274
            ],
            [
              76.628989,
              12.352924
            ],
            [
              76.629285,
              12.351818
            ],
            [
              76.6318,
              12.35245
            ],
            [
              76.6341,
              12.352161
            ],
            [
              76.635861,
              12.351467
            ],
            [
              76.638044,
              12.350169
            ],
            [
              76.63949,
              12.34951
            ],
            [
              76.641862,
              12.349502
            ],
            [
              76.644035,
              12.349739
            ],
            [
              76.643523,
              12.346474
            ],
            [
              76.643568,
              12.346255
            ],
            [
              76.644098,
              12.346053
            ]
          ]
        ]
      }
    },
    {
      "type": "Feature",
      "properties": {
        "ward_id": 8,
        "ward_number": 8,
        "ward_name": "Bannimantapa",
        "population_2001": 17459,
        "population_2011": 13497,
        "city": "Mysuru",
        "state": "Karnataka",
        "source": "Mysuru District Administration, Government of Karnataka — Mysuru City Corporation Election-2018"
      },
      "geometry": {
        "type": "Polygon",
        "coordinates": [
          [
            [
              76.661121,
              12.350572
            ],
            [
              76.659478,
              12.344956
            ],
            [
              76.658022,
              12.341911
            ],
            [
              76.658229,
              12.340279
            ],
            [
              76.658058,
              12.33855
            ],
            [
              76.655309,
              12.338717
            ],
            [
              76.654761,
              12.341665
            ],
            [
              76.654707,
              12.341823
            ],
            [
              76.65451,
              12.341841
            ],
            [
              76.651644,
              12.341577
            ],
            [
              76.652075,
              12.340796
            ],
            [
              76.652093,
              12.340147
            ],
            [
              76.65133,
              12.339463
            ],
            [
              76.651033,
              12.338594
            ],
            [
              76.650899,
              12.338681
            ],
            [
              76.650701,
              12.338216
            ],
            [
              76.650279,
              12.337865
            ],
            [
              76.646748,
              12.335382
            ],
            [
              76.646326,
              12.335399
            ],
            [
              76.646317,
              12.335628
            ],
            [
              76.646829,
              12.337848
            ],
            [
              76.644835,
              12.338199
            ],
            [
              76.644835,
              12.337672
            ],
            [
              76.644637,
              12.337374
            ],
            [
              76.6432,
              12.337374
            ],
            [
              76.64329,
              12.343824
            ],
            [
              76.643631,
              12.345079
            ],
            [
              76.644098,
              12.346053
            ],
            [
              76.644601,
              12.34579
            ],
            [
              76.645473,
              12.346281
            ],
            [
              76.648141,
              12.34665
            ],
            [
              76.648797,
              12.346957
            ],
            [
              76.649596,
              12.347861
            ],
            [
              76.650045,
              12.348659
            ],
            [
              76.651249,
              12.348185
            ],
            [
              76.651797,
              12.347238
            ],
            [
              76.652156,
              12.347203
            ],
            [
              76.654016,
              12.348001
            ],
            [
              76.654725,
              12.34851
            ],
            [
              76.656333,
              12.348694
            ],
            [
              76.656818,
              12.349897
            ],
            [
              76.65813,
              12.350757
            ],
            [
              76.658939,
              12.35095
            ],
            [
              76.661121,
              12.350572
            ]
          ]
        ]
      }
    },
    {
      "type": "Feature",
      "properties": {
        "ward_id": 9,
        "ward_number": 9,
        "ward_name": "Kesare",
        "population_2001": 11765,
        "population_2011": 16776,
        "city": "Mysuru",
        "state": "Karnataka",
        "source": "Mysuru District Administration, Government of Karnataka — Mysuru City Corporation Election-2018"
      },
      "geometry": {
        "type": "Polygon",
        "coordinates": [
          [
            [
              76.667194,
              12.347711
            ],
            [
              76.667338,
              12.346966
            ],
            [
              76.668209,
              12.346737
            ],
            [
              76.668488,
              12.345474
            ],
            [
              76.669063,
              12.345597
            ],
            [
              76.669844,
              12.344956
            ],
            [
              76.670158,
              12.344429
            ],
            [
              76.670626,
              12.342622
            ],
            [
              76.670653,
              12.342078
            ],
            [
              76.6705,
              12.341814
            ],
            [
              76.670751,
              12.341235
            ],
            [
              76.670203,
              12.338664
            ],
            [
              76.669745,
              12.337646
            ],
            [
              76.66661,
              12.337462
            ],
            [
              76.666529,
              12.337593
            ],
            [
              76.665703,
              12.337646
            ],
            [
              76.665299,
              12.337111
            ],
            [
              76.664805,
              12.337111
            ],
            [
              76.657995,
              12.337962
            ],
            [
              76.658229,
              12.340279
            ],
            [
              76.658022,
              12.341911
            ],
            [
              76.659478,
              12.344956
            ],
            [
              76.661121,
              12.350572
            ],
            [
              76.66264,
              12.350046
            ],
            [
              76.664472,
              12.348896
            ],
            [
              76.665927,
              12.348396
            ],
            [
              76.667194,
              12.347711
            ]
          ]
        ]
      }
    },
    {
      "type": "Feature",
      "properties": {
        "ward_id": 10,
        "ward_number": 10,
        "ward_name": "Rajeeva Nagara",
        "population_2001": 9495,
        "population_2011": 16784,
        "city": "Mysuru",
        "state": "Karnataka",
        "source": "Mysuru District Administration, Government of Karnataka — Mysuru City Corporation Election-2018"
      },
      "geometry": {
        "type": "Polygon",
        "coordinates": [
          [
            [
              76.694512,
              12.33303
            ],
            [
              76.691583,
              12.331126
            ],
            [
              76.68949,
              12.330055
            ],
            [
              76.688439,
              12.332021
            ],
            [
              76.687981,
              12.332354
            ],
            [
              76.684487,
              12.332302
            ],
            [
              76.677309,
              12.333758
            ],
            [
              76.67695,
              12.334267
            ],
            [
              76.676159,
              12.334039
            ],
            [
              76.673509,
              12.332863
            ],
            [
              76.671982,
              12.332521
            ],
            [
              76.670006,
              12.332574
            ],
            [
              76.669539,
              12.333363
            ],
            [
              76.668784,
              12.334136
            ],
            [
              76.66829,
              12.335373
            ],
            [
              76.668559,
              12.336075
            ],
            [
              76.669134,
              12.336373
            ],
            [
              76.670203,
              12.338664
            ],
            [
              76.670751,
              12.341235
            ],
            [
              76.6705,
              12.341814
            ],
            [
              76.670653,
              12.342078
            ],
            [
              76.670626,
              12.342622
            ],
            [
              76.670158,
              12.344429
            ],
            [
              76.669844,
              12.344956
            ],
            [
              76.669063,
              12.345597
            ],
            [
              76.668488,
              12.345474
            ],
            [
              76.668209,
              12.346737
            ],
            [
              76.667338,
              12.346966
            ],
            [
              76.667194,
              12.347711
            ],
            [
              76.669898,
              12.346851
            ],
            [
              76.678486,
              12.341814
            ],
            [
              76.680534,
              12.341191
            ],
            [
              76.684792,
              12.340402
            ],
            [
              76.687667,
              12.339357
            ],
            [
              76.691467,
              12.336979
            ],
            [
              76.693021,
              12.335434
            ],
            [
              76.694512,
              12.33303
            ]
          ]
        ]
      }
    },
    {
      "type": "Feature",
      "properties": {
        "ward_id": 11,
        "ward_number": 11,
        "ward_name": "Shanti Nagara I",
        "population_2001": 8787,
        "population_2011": 31616,
        "city": "Mysuru",
        "state": "Karnataka",
        "source": "Mysuru District Administration, Government of Karnataka — Mysuru City Corporation Election-2018"
      },
      "geometry": {
        "type": "Polygon",
        "coordinates": [
          [
            [
              76.68949,
              12.330055
            ],
            [
              76.688044,
              12.329186
            ],
            [
              76.686274,
              12.3288
            ],
            [
              76.686526,
              12.326229
            ],
            [
              76.686732,
              12.326053
            ],
            [
              76.686795,
              12.325562
            ],
            [
              76.685861,
              12.325588
            ],
            [
              76.685349,
              12.325456
            ],
            [
              76.685304,
              12.325254
            ],
            [
              76.683436,
              12.325105
            ],
            [
              76.683436,
              12.324921
            ],
            [
              76.683031,
              12.324772
            ],
            [
              76.67889,
              12.324052
            ],
            [
              76.678692,
              12.325535
            ],
            [
              76.678917,
              12.325842
            ],
            [
              76.680372,
              12.326553
            ],
            [
              76.680372,
              12.326887
            ],
            [
              76.679708,
              12.32916
            ],
            [
              76.679303,
              12.329467
            ],
            [
              76.67907,
              12.329879
            ],
            [
              76.678692,
              12.330081
            ],
            [
              76.67818,
              12.330108
            ],
            [
              76.677875,
              12.33217
            ],
            [
              76.677408,
              12.332196
            ],
            [
              76.676572,
              12.333934
            ],
            [
              76.676599,
              12.334136
            ],
            [
              76.67695,
              12.334267
            ],
            [
              76.677309,
              12.333758
            ],
            [
              76.684487,
              12.332302
            ],
            [
              76.687981,
              12.332354
            ],
            [
              76.688439,
              12.332021
            ],
            [
              76.68949,
              12.330055
            ]
          ]
        ]
      }
    },
    {
      "type": "Feature",
      "properties": {
        "ward_id": 12,
        "ward_number": 12,
        "ward_name": "Shanti Nagara II",
        "population_2001": 16379,
        "population_2011": 11886,
        "city": "Mysuru",
        "state": "Karnataka",
        "source": "Mysuru District Administration, Government of Karnataka — Mysuru City Corporation Election-2018"
      },
      "geometry": {
        "type": "Polygon",
        "coordinates": [
          [
            [
              76.678863,
              12.321604
            ],
            [
              76.678737,
              12.323596
            ],
            [
              76.67889,
              12.323701
            ],
            [
              76.67889,
              12.324052
            ],
            [
              76.683031,
              12.324772
            ],
            [
              76.683615,
              12.321402
            ],
            [
              76.683849,
              12.32127
            ],
            [
              76.683714,
              12.321147
            ],
            [
              76.682564,
              12.320963
            ],
            [
              76.681675,
              12.321015
            ],
            [
              76.680525,
              12.32127
            ],
            [
              76.679833,
              12.32163
            ],
            [
              76.678863,
              12.321604
            ]
          ]
        ]
      }
    },
    {
      "type": "Feature",
      "properties": {
        "ward_id": 13,
        "ward_number": 13,
        "ward_name": "Udayagiri",
        "population_2001": 7880,
        "population_2011": 15461,
        "city": "Mysuru",
        "state": "Karnataka",
        "source": "Mysuru District Administration, Government of Karnataka — Mysuru City Corporation Election-2018"
      },
      "geometry": {
        "type": "Polygon",
        "coordinates": [
          [
            [
              76.678692,
              12.325535
            ],
            [
              76.676007,
              12.32421
            ],
            [
              76.674677,
              12.323341
            ],
            [
              76.673824,
              12.324912
            ],
            [
              76.673707,
              12.326439
            ],
            [
              76.671973,
              12.326237
            ],
            [
              76.671829,
              12.327475
            ],
            [
              76.671856,
              12.327931
            ],
            [
              76.672009,
              12.328072
            ],
            [
              76.671856,
              12.330125
            ],
            [
              76.669934,
              12.330353
            ],
            [
              76.669862,
              12.330994
            ],
            [
              76.670042,
              12.331064
            ],
            [
              76.670078,
              12.331248
            ],
            [
              76.669907,
              12.331248
            ],
            [
              76.669907,
              12.331389
            ],
            [
              76.670185,
              12.331564
            ],
            [
              76.670185,
              12.332117
            ],
            [
              76.670006,
              12.332574
            ],
            [
              76.671982,
              12.332521
            ],
            [
              76.673509,
              12.332863
            ],
            [
              76.676599,
              12.334136
            ],
            [
              76.676572,
              12.333934
            ],
            [
              76.677408,
              12.332196
            ],
            [
              76.677875,
              12.33217
            ],
            [
              76.67818,
              12.330108
            ],
            [
              76.678692,
              12.330081
            ],
            [
              76.67907,
              12.329879
            ],
            [
              76.679303,
              12.329467
            ],
            [
              76.679708,
              12.32916
            ],
            [
              76.680372,
              12.326887
            ],
            [
              76.680372,
              12.326553
            ],
            [
              76.678917,
              12.325842
            ],
            [
              76.678692,
              12.325535
            ]
          ]
        ]
      }
    },
    {
      "type": "Feature",
      "properties": {
        "ward_id": 14,
        "ward_number": 14,
        "ward_name": "Sathya Nagara",
        "population_2001": 11957,
        "population_2011": 14367,
        "city": "Mysuru",
        "state": "Karnataka",
        "source": "Mysuru District Administration, Government of Karnataka — Mysuru City Corporation Election-2018"
      },
      "geometry": {
        "type": "Polygon",
        "coordinates": [
          [
            [
              76.674677,
              12.323341
            ],
            [
              76.672081,
              12.321577
            ],
            [
              76.670688,
              12.320866
            ],
            [
              76.667428,
              12.319629
            ],
            [
              76.666978,
              12.320884
            ],
            [
              76.667032,
              12.321402
            ],
            [
              76.667311,
              12.321604
            ],
            [
              76.667455,
              12.32378
            ],
            [
              76.668577,
              12.323745
            ],
            [
              76.668559,
              12.324561
            ],
            [
              76.668856,
              12.325404
            ],
            [
              76.668937,
              12.326992
            ],
            [
              76.669988,
              12.330002
            ],
            [
              76.670257,
              12.330064
            ],
            [
              76.67041,
              12.330283
            ],
            [
              76.671856,
              12.330125
            ],
            [
              76.672009,
              12.328072
            ],
            [
              76.671856,
              12.327931
            ],
            [
              76.671829,
              12.327475
            ],
            [
              76.671973,
              12.326237
            ],
            [
              76.673707,
              12.326439
            ],
            [
              76.673824,
              12.324912
            ],
            [
              76.674677,
              12.323341
            ]
          ]
        ]
      }
    },
    {
      "type": "Feature",
      "properties": {
        "ward_id": 15,
        "ward_number": 15,
        "ward_name": "Rajendra Nagara",
        "population_2001": 9646,
        "population_2011": 14795,
        "city": "Mysuru",
        "state": "Karnataka",
        "source": "Mysuru District Administration, Government of Karnataka — Mysuru City Corporation Election-2018"
      },
      "geometry": {
        "type": "Polygon",
        "coordinates": [
          [
            [
              76.669745,
              12.337646
            ],
            [
              76.669134,
              12.336373
            ],
            [
              76.668559,
              12.336075
            ],
            [
              76.66829,
              12.335373
            ],
            [
              76.668784,
              12.334136
            ],
            [
              76.669539,
              12.333363
            ],
            [
              76.670006,
              12.332574
            ],
            [
              76.670185,
              12.332117
            ],
            [
              76.670185,
              12.331564
            ],
            [
              76.669907,
              12.331389
            ],
            [
              76.669907,
              12.331248
            ],
            [
              76.670078,
              12.331248
            ],
            [
              76.670042,
              12.331064
            ],
            [
              76.669862,
              12.330994
            ],
            [
              76.669871,
              12.330634
            ],
            [
              76.669934,
              12.330353
            ],
            [
              76.67041,
              12.330283
            ],
            [
              76.670257,
              12.330064
            ],
            [
              76.669988,
              12.330002
            ],
            [
              76.668937,
              12.326887
            ],
            [
              76.666718,
              12.32744
            ],
            [
              76.663951,
              12.331152
            ],
            [
              76.66423,
              12.331134
            ],
            [
              76.664634,
              12.332679
            ],
            [
              76.664634,
              12.333091
            ],
            [
              76.664185,
              12.333162
            ],
            [
              76.664598,
              12.335724
            ],
            [
              76.665496,
              12.337479
            ],
            [
              76.665703,
              12.337646
            ],
            [
              76.666529,
              12.337593
            ],
            [
              76.66661,
              12.337462
            ],
            [
              76.669745,
              12.337646
            ]
          ]
        ]
      }
    },
    {
      "type": "Feature",
      "properties": {
        "ward_id": 16,
        "ward_number": 16,
        "ward_name": "Subhash Nagara",
        "population_2001": 15791,
        "population_2011": 10586,
        "city": "Mysuru",
        "state": "Karnataka",
        "source": "Mysuru District Administration, Government of Karnataka — Mysuru City Corporation Election-2018"
      },
      "geometry": {
        "type": "Polygon",
        "coordinates": [
          [
            [
              76.665299,
              12.337111
            ],
            [
              76.664598,
              12.335724
            ],
            [
              76.664185,
              12.333162
            ],
            [
              76.664634,
              12.333091
            ],
            [
              76.664634,
              12.332679
            ],
            [
              76.66423,
              12.331134
            ],
            [
              76.662379,
              12.331371
            ],
            [
              76.661382,
              12.328993
            ],
            [
              76.660475,
              12.331073
            ],
            [
              76.659855,
              12.330968
            ],
            [
              76.659873,
              12.330687
            ],
            [
              76.657995,
              12.330599
            ],
            [
              76.657879,
              12.333302
            ],
            [
              76.657762,
              12.333451
            ],
            [
              76.657995,
              12.337962
            ],
            [
              76.665299,
              12.337111
            ]
          ]
        ]
      }
    },
    {
      "type": "Feature",
      "properties": {
        "ward_id": 17,
        "ward_number": 17,
        "ward_name": "Banni Mantapa",
        "population_2001": 7987,
        "population_2011": 9177,
        "city": "Mysuru",
        "state": "Karnataka",
        "source": "Mysuru District Administration, Government of Karnataka — Mysuru City Corporation Election-2018"
      },
      "geometry": {
        "type": "Polygon",
        "coordinates": [
          [
            [
              76.658058,
              12.33855
            ],
            [
              76.657887,
              12.337532
            ],
            [
              76.657762,
              12.333451
            ],
            [
              76.657879,
              12.333302
            ],
            [
              76.658004,
              12.331117
            ],
            [
              76.657789,
              12.329607
            ],
            [
              76.657357,
              12.330204
            ],
            [
              76.654627,
              12.329783
            ],
            [
              76.654213,
              12.32959
            ],
            [
              76.653809,
              12.329607
            ],
            [
              76.653162,
              12.329967
            ],
            [
              76.652192,
              12.32995
            ],
            [
              76.651977,
              12.332056
            ],
            [
              76.648114,
              12.331749
            ],
            [
              76.646353,
              12.330968
            ],
            [
              76.645518,
              12.330406
            ],
            [
              76.646326,
              12.335399
            ],
            [
              76.646748,
              12.335382
            ],
            [
              76.647269,
              12.335829
            ],
            [
              76.648213,
              12.33633
            ],
            [
              76.650701,
              12.338216
            ],
            [
              76.650818,
              12.338611
            ],
            [
              76.651033,
              12.338594
            ],
            [
              76.65133,
              12.339463
            ],
            [
              76.652093,
              12.340147
            ],
            [
              76.652075,
              12.340796
            ],
            [
              76.651644,
              12.341577
            ],
            [
              76.654707,
              12.341823
            ],
            [
              76.655309,
              12.338717
            ],
            [
              76.658058,
              12.33855
            ]
          ]
        ]
      }
    },
    {
      "type": "Feature",
      "properties": {
        "ward_id": 18,
        "ward_number": 18,
        "ward_name": "Yadhavagiri",
        "population_2001": 6772,
        "population_2011": 9242,
        "city": "Mysuru",
        "state": "Karnataka",
        "source": "Mysuru District Administration, Government of Karnataka — Mysuru City Corporation Election-2018"
      },
      "geometry": {
        "type": "Polygon",
        "coordinates": [
          [
            [
              76.6432,
              12.340981
            ],
            [
              76.643218,
              12.336426
            ],
            [
              76.639742,
              12.336198
            ],
            [
              76.639068,
              12.335864
            ],
            [
              76.638322,
              12.330538
            ],
            [
              76.640622,
              12.328194
            ],
            [
              76.640541,
              12.325781
            ],
            [
              76.636867,
              12.322393
            ],
            [
              76.630031,
              12.329239
            ],
            [
              76.630291,
              12.329669
            ],
            [
              76.6311,
              12.330239
            ],
            [
              76.632851,
              12.331898
            ],
            [
              76.632878,
              12.332433
            ],
            [
              76.632483,
              12.335119
            ],
            [
              76.630417,
              12.345184
            ],
            [
              76.632241,
              12.345044
            ],
            [
              76.632232,
              12.344772
            ],
            [
              76.635492,
              12.344078
            ],
            [
              76.637325,
              12.341876
            ],
            [
              76.63852,
              12.33991
            ],
            [
              76.63914,
              12.340296
            ],
            [
              76.6432,
              12.340981
            ]
          ]
        ]
      }
    },
    {
      "type": "Feature",
      "properties": {
        "ward_id": 19,
        "ward_number": 19,
        "ward_name": "Jayalaxmipuram, V.V. Mohalla",
        "population_2001": 11822,
        "population_2011": 13582,
        "city": "Mysuru",
        "state": "Karnataka",
        "source": "Mysuru District Administration, Government of Karnataka — Mysuru City Corporation Election-2018"
      },
      "geometry": {
        "type": "Polygon",
        "coordinates": [
          [
            [
              76.62412,
              12.336742
            ],
            [
              76.623743,
              12.333943
            ],
            [
              76.624129,
              12.332284
            ],
            [
              76.623877,
              12.332266
            ],
            [
              76.623752,
              12.332056
            ],
            [
              76.624165,
              12.331345
            ],
            [
              76.625333,
              12.330906
            ],
            [
              76.628692,
              12.330897
            ],
            [
              76.628818,
              12.33059
            ],
            [
              76.62986,
              12.329634
            ],
            [
              76.630031,
              12.329239
            ],
            [
              76.636867,
              12.322393
            ],
            [
              76.635582,
              12.321051
            ],
            [
              76.633983,
              12.321463
            ],
            [
              76.633283,
              12.318558
            ],
            [
              76.633112,
              12.318523
            ],
            [
              76.632492,
              12.319357
            ],
            [
              76.632348,
              12.319357
            ],
            [
              76.630022,
              12.321744
            ],
            [
              76.629528,
              12.32242
            ],
            [
              76.629671,
              12.322771
            ],
            [
              76.619206,
              12.326132
            ],
            [
              76.619206,
              12.328493
            ],
            [
              76.618748,
              12.329704
            ],
            [
              76.618568,
              12.331301
            ],
            [
              76.618523,
              12.336619
            ],
            [
              76.621155,
              12.336558
            ],
            [
              76.623051,
              12.336768
            ],
            [
              76.62412,
              12.336742
            ]
          ]
        ]
      }
    },
    {
      "type": "Feature",
      "properties": {
        "ward_id": 20,
        "ward_number": 20,
        "ward_name": "Vijaya Nagara",
        "population_2001": 5983,
        "population_2011": 26018,
        "city": "Mysuru",
        "state": "Karnataka",
        "source": "Mysuru District Administration, Government of Karnataka — Mysuru City Corporation Election-2018"
      },
      "geometry": {
        "type": "Polygon",
        "coordinates": [
          [
            [
              76.619206,
              12.326132
            ],
            [
              76.618981,
              12.326079
            ],
            [
              76.618631,
              12.324965
            ],
            [
              76.617823,
              12.323833
            ],
            [
              76.616888,
              12.321805
            ],
            [
              76.615101,
              12.319164
            ],
            [
              76.614993,
              12.316425
            ],
            [
              76.615101,
              12.3146
            ],
            [
              76.615963,
              12.308509
            ],
            [
              76.615972,
              12.307421
            ],
            [
              76.616385,
              12.305753
            ],
            [
              76.616879,
              12.302348
            ],
            [
              76.618892,
              12.302409
            ],
            [
              76.619179,
              12.301145
            ],
            [
              76.620077,
              12.29867
            ],
            [
              76.619862,
              12.298477
            ],
            [
              76.611858,
              12.29767
            ],
            [
              76.609576,
              12.300408
            ],
            [
              76.605327,
              12.304875
            ],
            [
              76.604447,
              12.304568
            ],
            [
              76.604159,
              12.305973
            ],
            [
              76.606279,
              12.306253
            ],
            [
              76.606414,
              12.307535
            ],
            [
              76.606773,
              12.307947
            ],
            [
              76.606818,
              12.309316
            ],
            [
              76.607106,
              12.309527
            ],
            [
              76.606684,
              12.310545
            ],
            [
              76.606845,
              12.311765
            ],
            [
              76.608058,
              12.311844
            ],
            [
              76.60866,
              12.313643
            ],
            [
              76.609325,
              12.314495
            ],
            [
              76.608597,
              12.315671
            ],
            [
              76.608651,
              12.316917
            ],
            [
              76.608327,
              12.31754
            ],
            [
              76.608229,
              12.318163
            ],
            [
              76.608372,
              12.319137
            ],
            [
              76.60901,
              12.319918
            ],
            [
              76.609262,
              12.323227
            ],
            [
              76.612648,
              12.323236
            ],
            [
              76.612981,
              12.324394
            ],
            [
              76.613124,
              12.325658
            ],
            [
              76.612073,
              12.328449
            ],
            [
              76.612729,
              12.328607
            ],
            [
              76.61705,
              12.330818
            ],
            [
              76.617356,
              12.330783
            ],
            [
              76.618568,
              12.331301
            ],
            [
              76.618748,
              12.329704
            ],
            [
              76.619206,
              12.328493
            ],
            [
              76.619206,
              12.326132
            ]
          ]
        ]
      }
    },
    {
      "type": "Feature",
      "properties": {
        "ward_id": 21,
        "ward_number": 21,
        "ward_name": "Gangothri",
        "population_2001": 9081,
        "population_2011": 14020,
        "city": "Mysuru",
        "state": "Karnataka",
        "source": "Mysuru District Administration, Government of Karnataka — Mysuru City Corporation Election-2018"
      },
      "geometry": {
        "type": "Polygon",
        "coordinates": [
          [
            [
              76.619206,
              12.326132
            ],
            [
              76.629671,
              12.322771
            ],
            [
              76.629528,
              12.32242
            ],
            [
              76.628638,
              12.321551
            ],
            [
              76.627497,
              12.315671
            ],
            [
              76.62659,
              12.309808
            ],
            [
              76.626186,
              12.308176
            ],
            [
              76.626024,
              12.306438
            ],
            [
              76.627291,
              12.306166
            ],
            [
              76.627012,
              12.305411
            ],
            [
              76.626617,
              12.301812
            ],
            [
              76.618892,
              12.302409
            ],
            [
              76.616879,
              12.302348
            ],
            [
              76.616385,
              12.305753
            ],
            [
              76.615972,
              12.307421
            ],
            [
              76.615963,
              12.308509
            ],
            [
              76.615083,
              12.314802
            ],
            [
              76.615065,
              12.318821
            ],
            [
              76.61537,
              12.319664
            ],
            [
              76.616781,
              12.32163
            ],
            [
              76.617823,
              12.323833
            ],
            [
              76.618631,
              12.324965
            ],
            [
              76.618981,
              12.326079
            ],
            [
              76.619206,
              12.326132
            ]
          ]
        ]
      }
    },
    {
      "type": "Feature",
      "properties": {
        "ward_id": 22,
        "ward_number": 22,
        "ward_name": "Paduvaara Halli",
        "population_2001": 14010,
        "population_2011": 9284,
        "city": "Mysuru",
        "state": "Karnataka",
        "source": "Mysuru District Administration, Government of Karnataka — Mysuru City Corporation Election-2018"
      },
      "geometry": {
        "type": "Polygon",
        "coordinates": [
          [
            [
              76.633112,
              12.318523
            ],
            [
              76.632824,
              12.315258
            ],
            [
              76.630165,
              12.316206
            ],
            [
              76.627668,
              12.316487
            ],
            [
              76.628638,
              12.321551
            ],
            [
              76.629528,
              12.32242
            ],
            [
              76.631791,
              12.319892
            ],
            [
              76.632492,
              12.319357
            ],
            [
              76.633112,
              12.318523
            ]
          ]
        ]
      }
    },
    {
      "type": "Feature",
      "properties": {
        "ward_id": 23,
        "ward_number": 23,
        "ward_name": "Subbarayana Kere",
        "population_2001": 11028,
        "population_2011": 9574,
        "city": "Mysuru",
        "state": "Karnataka",
        "source": "Mysuru District Administration, Government of Karnataka — Mysuru City Corporation Election-2018"
      },
      "geometry": {
        "type": "Polygon",
        "coordinates": [
          [
            [
              76.653189,
              12.308702
            ],
            [
              76.652974,
              12.307035
            ],
            [
              76.65248,
              12.304972
            ],
            [
              76.650171,
              12.305306
            ],
            [
              76.650018,
              12.304358
            ],
            [
              76.649336,
              12.304296
            ],
            [
              76.649336,
              12.302716
            ],
            [
              76.649156,
              12.301725
            ],
            [
              76.643443,
              12.302637
            ],
            [
              76.644449,
              12.309527
            ],
            [
              76.647916,
              12.309194
            ],
            [
              76.648105,
              12.310124
            ],
            [
              76.65239,
              12.309316
            ],
            [
              76.652947,
              12.309378
            ],
            [
              76.653189,
              12.308702
            ]
          ]
        ]
      }
    },
    {
      "type": "Feature",
      "properties": {
        "ward_id": 24,
        "ward_number": 24,
        "ward_name": "Mandi Mohalla",
        "population_2001": 10065,
        "population_2011": 10085,
        "city": "Mysuru",
        "state": "Karnataka",
        "source": "Mysuru District Administration, Government of Karnataka — Mysuru City Corporation Election-2018"
      },
      "geometry": {
        "type": "Polygon",
        "coordinates": [
          [
            [
              76.654797,
              12.317742
            ],
            [
              76.655381,
              12.317654
            ],
            [
              76.655399,
              12.31747
            ],
            [
              76.655273,
              12.316891
            ],
            [
              76.655139,
              12.316847
            ],
            [
              76.655112,
              12.316294
            ],
            [
              76.654591,
              12.316276
            ],
            [
              76.654501,
              12.316145
            ],
            [
              76.654285,
              12.31424
            ],
            [
              76.652632,
              12.31424
            ],
            [
              76.652767,
              12.316592
            ],
            [
              76.650225,
              12.316978
            ],
            [
              76.647943,
              12.319857
            ],
            [
              76.651411,
              12.31991
            ],
            [
              76.654088,
              12.319655
            ],
            [
              76.65398,
              12.317917
            ],
            [
              76.654797,
              12.317742
            ]
          ]
        ]
      }
    },
    {
      "type": "Feature",
      "properties": {
        "ward_id": 25,
        "ward_number": 25,
        "ward_name": "Tilak Nagara",
        "population_2001": 8957,
        "population_2011": 10173,
        "city": "Mysuru",
        "state": "Karnataka",
        "source": "Mysuru District Administration, Government of Karnataka — Mysuru City Corporation Election-2018"
      },
      "geometry": {
        "type": "Polygon",
        "coordinates": [
          [
            [
              76.652192,
              12.32995
            ],
            [
              76.652498,
              12.32507
            ],
            [
              76.65186,
              12.324938
            ],
            [
              76.649551,
              12.325044
            ],
            [
              76.650683,
              12.322744
            ],
            [
              76.651456,
              12.322771
            ],
            [
              76.651411,
              12.31991
            ],
            [
              76.647943,
              12.319857
            ],
            [
              76.646694,
              12.321498
            ],
            [
              76.645895,
              12.322841
            ],
            [
              76.644916,
              12.325562
            ],
            [
              76.644772,
              12.326351
            ],
            [
              76.644781,
              12.32815
            ],
            [
              76.645122,
              12.329555
            ],
            [
              76.645518,
              12.330406
            ],
            [
              76.647251,
              12.331433
            ],
            [
              76.648114,
              12.331749
            ],
            [
              76.651698,
              12.332065
            ],
            [
              76.651977,
              12.332056
            ],
            [
              76.652192,
              12.32995
            ]
          ]
        ]
      }
    },
    {
      "type": "Feature",
      "properties": {
        "ward_id": 26,
        "ward_number": 26,
        "ward_name": "Meena Bazar",
        "population_2001": 10917,
        "population_2011": 8242,
        "city": "Mysuru",
        "state": "Karnataka",
        "source": "Mysuru District Administration, Government of Karnataka — Mysuru City Corporation Election-2018"
      },
      "geometry": {
        "type": "Polygon",
        "coordinates": [
          [
            [
              76.654088,
              12.319655
            ],
            [
              76.654267,
              12.319945
            ],
            [
              76.654465,
              12.321068
            ],
            [
              76.65433,
              12.323025
            ],
            [
              76.656953,
              12.32306
            ],
            [
              76.658229,
              12.322859
            ],
            [
              76.657465,
              12.318356
            ],
            [
              76.65486,
              12.318699
            ],
            [
              76.654797,
              12.317742
            ],
            [
              76.65398,
              12.317917
            ],
            [
              76.654088,
              12.319655
            ]
          ]
        ]
      }
    },
    {
      "type": "Feature",
      "properties": {
        "ward_id": 27,
        "ward_number": 27,
        "ward_name": "Veeranagere",
        "population_2001": 6787,
        "population_2011": 10550,
        "city": "Mysuru",
        "state": "Karnataka",
        "source": "Mysuru District Administration, Government of Karnataka — Mysuru City Corporation Election-2018"
      },
      "geometry": {
        "type": "Polygon",
        "coordinates": [
          [
            [
              76.661714,
              12.324315
            ],
            [
              76.66105,
              12.323394
            ],
            [
              76.660807,
              12.322586
            ],
            [
              76.662065,
              12.321718
            ],
            [
              76.662253,
              12.321384
            ],
            [
              76.662658,
              12.321182
            ],
            [
              76.666978,
              12.320884
            ],
            [
              76.667428,
              12.319629
            ],
            [
              76.664706,
              12.318795
            ],
            [
              76.665568,
              12.317101
            ],
            [
              76.665496,
              12.316961
            ],
            [
              76.665317,
              12.317171
            ],
            [
              76.662065,
              12.318514
            ],
            [
              76.659585,
              12.317961
            ],
            [
              76.657483,
              12.318111
            ],
            [
              76.658319,
              12.322937
            ],
            [
              76.658283,
              12.323359
            ],
            [
              76.658561,
              12.323991
            ],
            [
              76.658651,
              12.324798
            ],
            [
              76.660223,
              12.326018
            ],
            [
              76.661714,
              12.324315
            ]
          ]
        ]
      }
    },
    {
      "type": "Feature",
      "properties": {
        "ward_id": 28,
        "ward_number": 28,
        "ward_name": "Gandhi Nagara",
        "population_2001": 8793,
        "population_2011": 9156,
        "city": "Mysuru",
        "state": "Karnataka",
        "source": "Mysuru District Administration, Government of Karnataka — Mysuru City Corporation Election-2018"
      },
      "geometry": {
        "type": "Polygon",
        "coordinates": [
          [
            [
              76.667455,
              12.32378
            ],
            [
              76.667311,
              12.321604
            ],
            [
              76.667032,
              12.321402
            ],
            [
              76.666978,
              12.320884
            ],
            [
              76.662658,
              12.321182
            ],
            [
              76.660807,
              12.322586
            ],
            [
              76.660843,
              12.32299
            ],
            [
              76.66122,
              12.323675
            ],
            [
              76.662154,
              12.32471
            ],
            [
              76.664337,
              12.324394
            ],
            [
              76.664517,
              12.324131
            ],
            [
              76.667455,
              12.32378
            ]
          ]
        ]
      }
    },
    {
      "type": "Feature",
      "properties": {
        "ward_id": 29,
        "ward_number": 29,
        "ward_name": "N.R. Mohalla",
        "population_2001": 4698,
        "population_2011": 15141,
        "city": "Mysuru",
        "state": "Karnataka",
        "source": "Mysuru District Administration, Government of Karnataka — Mysuru City Corporation Election-2018"
      },
      "geometry": {
        "type": "Polygon",
        "coordinates": [
          [
            [
              76.663951,
              12.331152
            ],
            [
              76.666718,
              12.32744
            ],
            [
              76.668937,
              12.326887
            ],
            [
              76.668856,
              12.325404
            ],
            [
              76.668559,
              12.324561
            ],
            [
              76.668577,
              12.323745
            ],
            [
              76.664517,
              12.324131
            ],
            [
              76.664337,
              12.324394
            ],
            [
              76.662487,
              12.32471
            ],
            [
              76.662154,
              12.32471
            ],
            [
              76.661714,
              12.324315
            ],
            [
              76.660223,
              12.326018
            ],
            [
              76.659298,
              12.325386
            ],
            [
              76.65928,
              12.325553
            ],
            [
              76.660511,
              12.327159
            ],
            [
              76.661274,
              12.328545
            ],
            [
              76.662379,
              12.331371
            ],
            [
              76.663951,
              12.331152
            ]
          ]
        ]
      }
    },
    {
      "type": "Feature",
      "properties": {
        "ward_id": 30,
        "ward_number": 30,
        "ward_name": "Kyatamaarana Halli",
        "population_2001": 8859,
        "population_2011": 9148,
        "city": "Mysuru",
        "state": "Karnataka",
        "source": "Mysuru District Administration, Government of Karnataka — Mysuru City Corporation Election-2018"
      },
      "geometry": {
        "type": "Polygon",
        "coordinates": [
          [
            [
              76.67889,
              12.324052
            ],
            [
              76.67889,
              12.323701
            ],
            [
              76.678737,
              12.323596
            ],
            [
              76.678845,
              12.321217
            ],
            [
              76.679348,
              12.319866
            ],
            [
              76.678585,
              12.319532
            ],
            [
              76.67836,
              12.319208
            ],
            [
              76.678603,
              12.3174
            ],
            [
              76.67606,
              12.318488
            ],
            [
              76.67483,
              12.317777
            ],
            [
              76.674605,
              12.317847
            ],
            [
              76.674551,
              12.318514
            ],
            [
              76.673886,
              12.319383
            ],
            [
              76.672871,
              12.320278
            ],
            [
              76.672081,
              12.321577
            ],
            [
              76.676007,
              12.32421
            ],
            [
              76.678692,
              12.325535
            ],
            [
              76.67889,
              12.324052
            ]
          ]
        ]
      }
    },
    {
      "type": "Feature",
      "properties": {
        "ward_id": 31,
        "ward_number": 31,
        "ward_name": "K.N. Pura",
        "population_2001": 11274,
        "population_2011": 9977,
        "city": "Mysuru",
        "state": "Karnataka",
        "source": "Mysuru District Administration, Government of Karnataka — Mysuru City Corporation Election-2018"
      },
      "geometry": {
        "type": "Polygon",
        "coordinates": [
          [
            [
              76.654088,
              12.319655
            ],
            [
              76.651411,
              12.31991
            ],
            [
              76.651456,
              12.322771
            ],
            [
              76.65433,
              12.323025
            ],
            [
              76.654465,
              12.321068
            ],
            [
              76.654267,
              12.319945
            ],
            [
              76.654088,
              12.319655
            ]
          ]
        ]
      }
    },
    {
      "type": "Feature",
      "properties": {
        "ward_id": 32,
        "ward_number": 32,
        "ward_name": "Gousiya Nagara",
        "population_2001": 9984,
        "population_2011": 25564,
        "city": "Mysuru",
        "state": "Karnataka",
        "source": "Mysuru District Administration, Government of Karnataka — Mysuru City Corporation Election-2018"
      },
      "geometry": {
        "type": "Polygon",
        "coordinates": [
          [
            [
              76.686795,
              12.325562
            ],
            [
              76.687038,
              12.324236
            ],
            [
              76.686885,
              12.323877
            ],
            [
              76.686984,
              12.319102
            ],
            [
              76.686499,
              12.319023
            ],
            [
              76.685097,
              12.318058
            ],
            [
              76.684181,
              12.317672
            ],
            [
              76.682106,
              12.317417
            ],
            [
              76.682286,
              12.316575
            ],
            [
              76.682771,
              12.316145
            ],
            [
              76.682825,
              12.315811
            ],
            [
              76.682672,
              12.315679
            ],
            [
              76.678603,
              12.3174
            ],
            [
              76.67836,
              12.319208
            ],
            [
              76.678585,
              12.319532
            ],
            [
              76.679348,
              12.319866
            ],
            [
              76.678845,
              12.321217
            ],
            [
              76.678863,
              12.321604
            ],
            [
              76.679833,
              12.32163
            ],
            [
              76.680525,
              12.32127
            ],
            [
              76.681675,
              12.321015
            ],
            [
              76.682564,
              12.320963
            ],
            [
              76.683714,
              12.321147
            ],
            [
              76.683849,
              12.32127
            ],
            [
              76.683615,
              12.321402
            ],
            [
              76.683031,
              12.324772
            ],
            [
              76.683436,
              12.324921
            ],
            [
              76.683436,
              12.325105
            ],
            [
              76.685304,
              12.325254
            ],
            [
              76.685349,
              12.325456
            ],
            [
              76.685861,
              12.325588
            ],
            [
              76.686795,
              12.325562
            ]
          ]
        ]
      }
    },
    {
      "type": "Feature",
      "properties": {
        "ward_id": 33,
        "ward_number": 33,
        "ward_name": "Ajeez Seth Nagara",
        "population_2001": 9650,
        "population_2011": 13796,
        "city": "Mysuru",
        "state": "Karnataka",
        "source": "Mysuru District Administration, Government of Karnataka — Mysuru City Corporation Election-2018"
      },
      "geometry": {
        "type": "Polygon",
        "coordinates": [
          [
            [
              76.661382,
              12.328993
            ],
            [
              76.660511,
              12.327159
            ],
            [
              76.65928,
              12.325553
            ],
            [
              76.659298,
              12.325386
            ],
            [
              76.658651,
              12.324798
            ],
            [
              76.658229,
              12.322859
            ],
            [
              76.656953,
              12.32306
            ],
            [
              76.654869,
              12.323104
            ],
            [
              76.650683,
              12.322744
            ],
            [
              76.649551,
              12.324895
            ],
            [
              76.649551,
              12.325044
            ],
            [
              76.65186,
              12.324938
            ],
            [
              76.652498,
              12.32507
            ],
            [
              76.652192,
              12.32995
            ],
            [
              76.653162,
              12.329967
            ],
            [
              76.653809,
              12.329607
            ],
            [
              76.654213,
              12.32959
            ],
            [
              76.654627,
              12.329783
            ],
            [
              76.657357,
              12.330204
            ],
            [
              76.657789,
              12.329607
            ],
            [
              76.657977,
              12.330599
            ],
            [
              76.659873,
              12.330687
            ],
            [
              76.659855,
              12.330968
            ],
            [
              76.660322,
              12.331082
            ],
            [
              76.660609,
              12.330906
            ],
            [
              76.661382,
              12.328993
            ]
          ]
        ]
      }
    },
    {
      "type": "Feature",
      "properties": {
        "ward_id": 34,
        "ward_number": 34,
        "ward_name": "Kalyanagiri Nagara",
        "population_2001": 12910,
        "population_2011": 18030,
        "city": "Mysuru",
        "state": "Karnataka",
        "source": "Mysuru District Administration, Government of Karnataka — Mysuru City Corporation Election-2018"
      },
      "geometry": {
        "type": "Polygon",
        "coordinates": [
          [
            [
              76.691655,
              12.320226
            ],
            [
              76.689382,
              12.319769
            ],
            [
              76.689158,
              12.319559
            ],
            [
              76.687469,
              12.319436
            ],
            [
              76.686885,
              12.319585
            ],
            [
              76.686885,
              12.323877
            ],
            [
              76.687038,
              12.324236
            ],
            [
              76.686732,
              12.326053
            ],
            [
              76.686526,
              12.326229
            ],
            [
              76.68622,
              12.328677
            ],
            [
              76.686274,
              12.3288
            ],
            [
              76.688475,
              12.329353
            ],
            [
              76.689158,
              12.329879
            ],
            [
              76.690353,
              12.330459
            ],
            [
              76.69099,
              12.327115
            ],
            [
              76.691655,
              12.320226
            ]
          ]
        ]
      }
    },
    {
      "type": "Feature",
      "properties": {
        "ward_id": 35,
        "ward_number": 35,
        "ward_name": "Sathagalli",
        "population_2001": 20915,
        "population_2011": 13007,
        "city": "Mysuru",
        "state": "Karnataka",
        "source": "Mysuru District Administration, Government of Karnataka — Mysuru City Corporation Election-2018"
      },
      "geometry": {
        "type": "Polygon",
        "coordinates": [
          [
            [
              76.692275,
              12.305586
            ],
            [
              76.685681,
              12.307078
            ],
            [
              76.686014,
              12.307947
            ],
            [
              76.685888,
              12.310089
            ],
            [
              76.686274,
              12.310343
            ],
            [
              76.685861,
              12.311879
            ],
            [
              76.686705,
              12.313766
            ],
            [
              76.68737,
              12.316882
            ],
            [
              76.687469,
              12.319436
            ],
            [
              76.689158,
              12.319559
            ],
            [
              76.689382,
              12.319769
            ],
            [
              76.691655,
              12.320226
            ],
            [
              76.691835,
              12.319638
            ],
            [
              76.691682,
              12.318409
            ],
            [
              76.691835,
              12.318058
            ],
            [
              76.692446,
              12.309782
            ],
            [
              76.692167,
              12.309755
            ],
            [
              76.69214,
              12.309404
            ],
            [
              76.692374,
              12.30721
            ],
            [
              76.692275,
              12.305586
            ]
          ]
        ]
      }
    },
    {
      "type": "Feature",
      "properties": {
        "ward_id": 36,
        "ward_number": 36,
        "ward_name": "Yaraganahalli",
        "population_2001": 22762,
        "population_2011": 24996,
        "city": "Mysuru",
        "state": "Karnataka",
        "source": "Mysuru District Administration, Government of Karnataka — Mysuru City Corporation Election-2018"
      },
      "geometry": {
        "type": "Polygon",
        "coordinates": [
          [
            [
              76.698015,
              12.299118
            ],
            [
              76.696865,
              12.298784
            ],
            [
              76.695024,
              12.2986
            ],
            [
              76.694539,
              12.298784
            ],
            [
              76.693955,
              12.299443
            ],
            [
              76.693596,
              12.301101
            ],
            [
              76.6925,
              12.30233
            ],
            [
              76.692374,
              12.303252
            ],
            [
              76.692643,
              12.303603
            ],
            [
              76.69311,
              12.305086
            ],
            [
              76.692733,
              12.305499
            ],
            [
              76.692275,
              12.305586
            ],
            [
              76.692374,
              12.30721
            ],
            [
              76.69214,
              12.309404
            ],
            [
              76.692167,
              12.309755
            ],
            [
              76.692446,
              12.309782
            ],
            [
              76.691835,
              12.318058
            ],
            [
              76.691682,
              12.318409
            ],
            [
              76.691835,
              12.319638
            ],
            [
              76.691655,
              12.320226
            ],
            [
              76.69099,
              12.327115
            ],
            [
              76.690353,
              12.330459
            ],
            [
              76.694512,
              12.33303
            ],
            [
              76.695132,
              12.332714
            ],
            [
              76.695967,
              12.331433
            ],
            [
              76.696452,
              12.330125
            ],
            [
              76.696677,
              12.328809
            ],
            [
              76.699839,
              12.322499
            ],
            [
              76.701402,
              12.317101
            ],
            [
              76.701644,
              12.314372
            ],
            [
              76.702633,
              12.309167
            ],
            [
              76.703899,
              12.304832
            ],
            [
              76.70336,
              12.304726
            ],
            [
              76.702399,
              12.304805
            ],
            [
              76.701779,
              12.304463
            ],
            [
              76.700593,
              12.304472
            ],
            [
              76.700459,
              12.300118
            ],
            [
              76.700162,
              12.299671
            ],
            [
              76.698015,
              12.299118
            ]
          ]
        ]
      }
    },
    {
      "type": "Feature",
      "properties": {
        "ward_id": 37,
        "ward_number": 37,
        "ward_name": "Raghavendra Nagara",
        "population_2001": 9769,
        "population_2011": 7028,
        "city": "Mysuru",
        "state": "Karnataka",
        "source": "Mysuru District Administration, Government of Karnataka — Mysuru City Corporation Election-2018"
      },
      "geometry": {
        "type": "Polygon",
        "coordinates": [
          [
            [
              76.687469,
              12.319436
            ],
            [
              76.68737,
              12.316882
            ],
            [
              76.686705,
              12.313766
            ],
            [
              76.685861,
              12.311879
            ],
            [
              76.686274,
              12.310343
            ],
            [
              76.685888,
              12.310089
            ],
            [
              76.686014,
              12.307947
            ],
            [
              76.685681,
              12.307078
            ],
            [
              76.684765,
              12.307184
            ],
            [
              76.682591,
              12.307745
            ],
            [
              76.681064,
              12.307895
            ],
            [
              76.681217,
              12.312309
            ],
            [
              76.681136,
              12.312924
            ],
            [
              76.680678,
              12.313029
            ],
            [
              76.680633,
              12.316443
            ],
            [
              76.680705,
              12.316575
            ],
            [
              76.682672,
              12.315679
            ],
            [
              76.682825,
              12.315811
            ],
            [
              76.682771,
              12.316145
            ],
            [
              76.682286,
              12.316575
            ],
            [
              76.682106,
              12.317417
            ],
            [
              76.684181,
              12.317672
            ],
            [
              76.685097,
              12.318058
            ],
            [
              76.686499,
              12.319023
            ],
            [
              76.686984,
              12.319102
            ],
            [
              76.687038,
              12.319515
            ],
            [
              76.687469,
              12.319436
            ]
          ]
        ]
      }
    },
    {
      "type": "Feature",
      "properties": {
        "ward_id": 38,
        "ward_number": 38,
        "ward_name": "Giriyabovi Paalya",
        "population_2001": 14425,
        "population_2011": 8744,
        "city": "Mysuru",
        "state": "Karnataka",
        "source": "Mysuru District Administration, Government of Karnataka — Mysuru City Corporation Election-2018"
      },
      "geometry": {
        "type": "Polygon",
        "coordinates": [
          [
            [
              76.667643,
              12.308193
            ],
            [
              76.667508,
              12.306999
            ],
            [
              76.667176,
              12.306183
            ],
            [
              76.660214,
              12.30714
            ],
            [
              76.65875,
              12.310124
            ],
            [
              76.659478,
              12.315732
            ],
            [
              76.659585,
              12.317961
            ],
            [
              76.662065,
              12.318514
            ],
            [
              76.665317,
              12.317171
            ],
            [
              76.665496,
              12.316961
            ],
            [
              76.665568,
              12.317101
            ],
            [
              76.664706,
              12.318795
            ],
            [
              76.668012,
              12.319752
            ],
            [
              76.669036,
              12.320182
            ],
            [
              76.669134,
              12.317049
            ],
            [
              76.668595,
              12.31539
            ],
            [
              76.667751,
              12.313994
            ],
            [
              76.668236,
              12.313371
            ],
            [
              76.667634,
              12.31001
            ],
            [
              76.667643,
              12.308193
            ]
          ]
        ]
      }
    },
    {
      "type": "Feature",
      "properties": {
        "ward_id": 39,
        "ward_number": 39,
        "ward_name": "Gayathri Puram Stage-I",
        "population_2001": 7494,
        "population_2011": 15989,
        "city": "Mysuru",
        "state": "Karnataka",
        "source": "Mysuru District Administration, Government of Karnataka — Mysuru City Corporation Election-2018"
      },
      "geometry": {
        "type": "Polygon",
        "coordinates": [
          [
            [
              76.678603,
              12.3174
            ],
            [
              76.680705,
              12.316575
            ],
            [
              76.680606,
              12.316118
            ],
            [
              76.680678,
              12.313029
            ],
            [
              76.681136,
              12.312924
            ],
            [
              76.681217,
              12.312309
            ],
            [
              76.681064,
              12.307895
            ],
            [
              76.671722,
              12.307921
            ],
            [
              76.667661,
              12.308307
            ],
            [
              76.667643,
              12.308193
            ],
            [
              76.667634,
              12.31001
            ],
            [
              76.668236,
              12.313371
            ],
            [
              76.667751,
              12.313994
            ],
            [
              76.668595,
              12.31539
            ],
            [
              76.669134,
              12.317049
            ],
            [
              76.669036,
              12.320182
            ],
            [
              76.672081,
              12.321577
            ],
            [
              76.672871,
              12.320278
            ],
            [
              76.673886,
              12.319383
            ],
            [
              76.674551,
              12.318514
            ],
            [
              76.674605,
              12.317847
            ],
            [
              76.67483,
              12.317777
            ],
            [
              76.67606,
              12.318488
            ],
            [
              76.678603,
              12.3174
            ]
          ]
        ]
      }
    },
    {
      "type": "Feature",
      "properties": {
        "ward_id": 40,
        "ward_number": 40,
        "ward_name": "Lashkar Mohalla",
        "population_2001": 12402,
        "population_2011": 11647,
        "city": "Mysuru",
        "state": "Karnataka",
        "source": "Mysuru District Administration, Government of Karnataka — Mysuru City Corporation Election-2018"
      },
      "geometry": {
        "type": "Polygon",
        "coordinates": [
          [
            [
              76.657465,
              12.318356
            ],
            [
              76.657483,
              12.318111
            ],
            [
              76.659585,
              12.317961
            ],
            [
              76.659478,
              12.315732
            ],
            [
              76.65875,
              12.310124
            ],
            [
              76.660214,
              12.30714
            ],
            [
              76.655965,
              12.308228
            ],
            [
              76.656172,
              12.309852
            ],
            [
              76.653962,
              12.311335
            ],
            [
              76.653818,
              12.311642
            ],
            [
              76.653845,
              12.312845
            ],
            [
              76.654088,
              12.313231
            ],
            [
              76.654501,
              12.316145
            ],
            [
              76.654591,
              12.316276
            ],
            [
              76.655112,
              12.316294
            ],
            [
              76.655139,
              12.316847
            ],
            [
              76.655273,
              12.316891
            ],
            [
              76.655399,
              12.31747
            ],
            [
              76.655381,
              12.317654
            ],
            [
              76.654725,
              12.31783
            ],
            [
              76.65486,
              12.318699
            ],
            [
              76.657465,
              12.318356
            ]
          ]
        ]
      }
    },
    {
      "type": "Feature",
      "properties": {
        "ward_id": 41,
        "ward_number": 41,
        "ward_name": "Devaraja Mohalla",
        "population_2001": 13746,
        "population_2011": 7917,
        "city": "Mysuru",
        "state": "Karnataka",
        "source": "Mysuru District Administration, Government of Karnataka — Mysuru City Corporation Election-2018"
      },
      "geometry": {
        "type": "Polygon",
        "coordinates": [
          [
            [
              76.635582,
              12.321051
            ],
            [
              76.64099,
              12.319357
            ],
            [
              76.642751,
              12.318523
            ],
            [
              76.643191,
              12.318014
            ],
            [
              76.643317,
              12.31754
            ],
            [
              76.64329,
              12.314705
            ],
            [
              76.643488,
              12.314266
            ],
            [
              76.644287,
              12.313599
            ],
            [
              76.645212,
              12.31324
            ],
            [
              76.645455,
              12.315021
            ],
            [
              76.651491,
              12.314381
            ],
            [
              76.651096,
              12.315653
            ],
            [
              76.650225,
              12.316978
            ],
            [
              76.652767,
              12.316592
            ],
            [
              76.652632,
              12.31424
            ],
            [
              76.654159,
              12.31417
            ],
            [
              76.654088,
              12.313231
            ],
            [
              76.653845,
              12.312845
            ],
            [
              76.653818,
              12.311642
            ],
            [
              76.653962,
              12.311335
            ],
            [
              76.656172,
              12.309852
            ],
            [
              76.655965,
              12.308228
            ],
            [
              76.653189,
              12.308702
            ],
            [
              76.652947,
              12.309378
            ],
            [
              76.65239,
              12.309316
            ],
            [
              76.648105,
              12.310124
            ],
            [
              76.647916,
              12.309194
            ],
            [
              76.644449,
              12.309527
            ],
            [
              76.644709,
              12.310861
            ],
            [
              76.634558,
              12.313117
            ],
            [
              76.633453,
              12.314819
            ],
            [
              76.632824,
              12.315258
            ],
            [
              76.633112,
              12.318523
            ],
            [
              76.633283,
              12.318558
            ],
            [
              76.633983,
              12.321463
            ],
            [
              76.635582,
              12.321051
            ]
          ]
        ]
      }
    },
    {
      "type": "Feature",
      "properties": {
        "ward_id": 42,
        "ward_number": 42,
        "ward_name": "K.G. Koppallu",
        "population_2001": 23161,
        "population_2011": 10610,
        "city": "Mysuru",
        "state": "Karnataka",
        "source": "Mysuru District Administration, Government of Karnataka — Mysuru City Corporation Election-2018"
      },
      "geometry": {
        "type": "Polygon",
        "coordinates": [
          [
            [
              76.644449,
              12.309527
            ],
            [
              76.643443,
              12.302637
            ],
            [
              76.642059,
              12.301637
            ],
            [
              76.641682,
              12.299214
            ],
            [
              76.639068,
              12.299609
            ],
            [
              76.638565,
              12.295704
            ],
            [
              76.633337,
              12.296213
            ],
            [
              76.633355,
              12.298319
            ],
            [
              76.634954,
              12.298424
            ],
            [
              76.635789,
              12.306657
            ],
            [
              76.636085,
              12.307149
            ],
            [
              76.637208,
              12.307473
            ],
            [
              76.637541,
              12.30786
            ],
            [
              76.638664,
              12.312186
            ],
            [
              76.644709,
              12.310861
            ],
            [
              76.644449,
              12.309527
            ]
          ]
        ]
      }
    },
    {
      "type": "Feature",
      "properties": {
        "ward_id": 43,
        "ward_number": 43,
        "ward_name": "T.K. Layout",
        "population_2001": 14968,
        "population_2011": 9139,
        "city": "Mysuru",
        "state": "Karnataka",
        "source": "Mysuru District Administration, Government of Karnataka — Mysuru City Corporation Election-2018"
      },
      "geometry": {
        "type": "Polygon",
        "coordinates": [
          [
            [
              76.632824,
              12.315258
            ],
            [
              76.633453,
              12.314819
            ],
            [
              76.634558,
              12.313117
            ],
            [
              76.638664,
              12.312186
            ],
            [
              76.637541,
              12.30786
            ],
            [
              76.637208,
              12.307473
            ],
            [
              76.636085,
              12.307149
            ],
            [
              76.635789,
              12.306657
            ],
            [
              76.634954,
              12.298424
            ],
            [
              76.633355,
              12.298319
            ],
            [
              76.632896,
              12.298433
            ],
            [
              76.632564,
              12.29874
            ],
            [
              76.632124,
              12.298679
            ],
            [
              76.630516,
              12.298951
            ],
            [
              76.627659,
              12.299671
            ],
            [
              76.626411,
              12.299838
            ],
            [
              76.627012,
              12.305411
            ],
            [
              76.627291,
              12.306166
            ],
            [
              76.626024,
              12.306438
            ],
            [
              76.625997,
              12.306929
            ],
            [
              76.627668,
              12.316487
            ],
            [
              76.630165,
              12.316206
            ],
            [
              76.632824,
              12.315258
            ]
          ]
        ]
      }
    },
    {
      "type": "Feature",
      "properties": {
        "ward_id": 44,
        "ward_number": 44,
        "ward_name": "Janata Nagara",
        "population_2001": 9179,
        "population_2011": 9021,
        "city": "Mysuru",
        "state": "Karnataka",
        "source": "Mysuru District Administration, Government of Karnataka — Mysuru City Corporation Election-2018"
      },
      "geometry": {
        "type": "Polygon",
        "coordinates": [
          [
            [
              76.658211,
              12.297477
            ],
            [
              76.659873,
              12.293228
            ],
            [
              76.66131,
              12.290218
            ],
            [
              76.661921,
              12.287927
            ],
            [
              76.655588,
              12.286294
            ],
            [
              76.6523,
              12.286303
            ],
            [
              76.652399,
              12.287111
            ],
            [
              76.651896,
              12.290121
            ],
            [
              76.649327,
              12.29085
            ],
            [
              76.649749,
              12.292605
            ],
            [
              76.65177,
              12.292228
            ],
            [
              76.651968,
              12.297872
            ],
            [
              76.65592,
              12.297046
            ],
            [
              76.658211,
              12.297477
            ]
          ]
        ]
      }
    },
    {
      "type": "Feature",
      "properties": {
        "ward_id": 45,
        "ward_number": 45,
        "ward_name": "Sharadadevi Nagara",
        "population_2001": 9460,
        "population_2011": 18134,
        "city": "Mysuru",
        "state": "Karnataka",
        "source": "Mysuru District Administration, Government of Karnataka — Mysuru City Corporation Election-2018"
      },
      "geometry": {
        "type": "Polygon",
        "coordinates": [
          [
            [
              76.61979,
              12.298468
            ],
            [
              76.620365,
              12.296046
            ],
            [
              76.621227,
              12.296081
            ],
            [
              76.621901,
              12.292649
            ],
            [
              76.622251,
              12.289911
            ],
            [
              76.620868,
              12.289226
            ],
            [
              76.619898,
              12.290279
            ],
            [
              76.617257,
              12.292614
            ],
            [
              76.611849,
              12.291262
            ],
            [
              76.611912,
              12.290262
            ],
            [
              76.60777,
              12.289665
            ],
            [
              76.606728,
              12.289235
            ],
            [
              76.605183,
              12.292702
            ],
            [
              76.603378,
              12.297775
            ],
            [
              76.603315,
              12.299258
            ],
            [
              76.602686,
              12.30133
            ],
            [
              76.602057,
              12.304524
            ],
            [
              76.603953,
              12.304428
            ],
            [
              76.605327,
              12.304875
            ],
            [
              76.609576,
              12.300408
            ],
            [
              76.611858,
              12.29767
            ],
            [
              76.61979,
              12.298468
            ]
          ]
        ]
      }
    },
    {
      "type": "Feature",
      "properties": {
        "ward_id": 46,
        "ward_number": 46,
        "ward_name": "Dattagalli",
        "population_2001": 12337,
        "population_2011": 9576,
        "city": "Mysuru",
        "state": "Karnataka",
        "source": "Mysuru District Administration, Government of Karnataka — Mysuru City Corporation Election-2018"
      },
      "geometry": {
        "type": "Polygon",
        "coordinates": [
          [
            [
              76.625809,
              12.278228
            ],
            [
              76.623195,
              12.276253
            ],
            [
              76.623069,
              12.275893
            ],
            [
              76.623123,
              12.274076
            ],
            [
              76.622727,
              12.274058
            ],
            [
              76.618919,
              12.27433
            ],
            [
              76.618901,
              12.274699
            ],
            [
              76.618236,
              12.274427
            ],
            [
              76.61732,
              12.274357
            ],
            [
              76.614319,
              12.274453
            ],
            [
              76.613888,
              12.276815
            ],
            [
              76.613017,
              12.276902
            ],
            [
              76.612648,
              12.278263
            ],
            [
              76.613205,
              12.27936
            ],
            [
              76.613223,
              12.279764
            ],
            [
              76.613708,
              12.279869
            ],
            [
              76.613861,
              12.279632
            ],
            [
              76.615783,
              12.280097
            ],
            [
              76.61581,
              12.27965
            ],
            [
              76.619476,
              12.279079
            ],
            [
              76.619601,
              12.279018
            ],
            [
              76.619565,
              12.278754
            ],
            [
              76.619889,
              12.278754
            ],
            [
              76.620571,
              12.282204
            ],
            [
              76.623248,
              12.281502
            ],
            [
              76.62385,
              12.281484
            ],
            [
              76.623823,
              12.281888
            ],
            [
              76.623383,
              12.281932
            ],
            [
              76.623473,
              12.282617
            ],
            [
              76.625764,
              12.282424
            ],
            [
              76.625315,
              12.279255
            ],
            [
              76.625809,
              12.278228
            ]
          ]
        ]
      }
    },
    {
      "type": "Feature",
      "properties": {
        "ward_id": 47,
        "ward_number": 47,
        "ward_name": "Kuvempu Nagara",
        "population_2001": 13432,
        "population_2011": 8198,
        "city": "Mysuru",
        "state": "Karnataka",
        "source": "Mysuru District Administration, Government of Karnataka — Mysuru City Corporation Election-2018"
      },
      "geometry": {
        "type": "Polygon",
        "coordinates": [
          [
            [
              76.626617,
              12.301812
            ],
            [
              76.626411,
              12.299838
            ],
            [
              76.627659,
              12.299671
            ],
            [
              76.630516,
              12.298951
            ],
            [
              76.632124,
              12.298679
            ],
            [
              76.632564,
              12.29874
            ],
            [
              76.632896,
              12.298433
            ],
            [
              76.633355,
              12.298319
            ],
            [
              76.633337,
              12.296213
            ],
            [
              76.627749,
              12.296309
            ],
            [
              76.625907,
              12.296046
            ],
            [
              76.62562,
              12.294343
            ],
            [
              76.624147,
              12.291552
            ],
            [
              76.623419,
              12.290806
            ],
            [
              76.622251,
              12.289928
            ],
            [
              76.621901,
              12.292649
            ],
            [
              76.621227,
              12.296081
            ],
            [
              76.620365,
              12.296046
            ],
            [
              76.619808,
              12.298214
            ],
            [
              76.61979,
              12.298468
            ],
            [
              76.620006,
              12.298539
            ],
            [
              76.620077,
              12.298749
            ],
            [
              76.619251,
              12.300935
            ],
            [
              76.618892,
              12.302409
            ],
            [
              76.626617,
              12.301812
            ]
          ]
        ]
      }
    },
    {
      "type": "Feature",
      "properties": {
        "ward_id": 48,
        "ward_number": 48,
        "ward_name": "Jayanagara",
        "population_2001": 11546,
        "population_2011": 11717,
        "city": "Mysuru",
        "state": "Karnataka",
        "source": "Mysuru District Administration, Government of Karnataka — Mysuru City Corporation Election-2018"
      },
      "geometry": {
        "type": "Polygon",
        "coordinates": [
          [
            [
              76.638565,
              12.295704
            ],
            [
              76.638295,
              12.291991
            ],
            [
              76.637801,
              12.291921
            ],
            [
              76.637729,
              12.291254
            ],
            [
              76.637604,
              12.291148
            ],
            [
              76.637559,
              12.290332
            ],
            [
              76.637855,
              12.290288
            ],
            [
              76.637343,
              12.285496
            ],
            [
              76.633516,
              12.285899
            ],
            [
              76.633498,
              12.286882
            ],
            [
              76.633624,
              12.287049
            ],
            [
              76.633651,
              12.287988
            ],
            [
              76.633786,
              12.288129
            ],
            [
              76.633867,
              12.293141
            ],
            [
              76.633319,
              12.295203
            ],
            [
              76.633337,
              12.296213
            ],
            [
              76.638565,
              12.295704
            ]
          ]
        ]
      }
    },
    {
      "type": "Feature",
      "properties": {
        "ward_id": 49,
        "ward_number": 49,
        "ward_name": "Lakshmi Puram",
        "population_2001": 4625,
        "population_2011": 12846,
        "city": "Mysuru",
        "state": "Karnataka",
        "source": "Mysuru District Administration, Government of Karnataka — Mysuru City Corporation Election-2018"
      },
      "geometry": {
        "type": "Polygon",
        "coordinates": [
          [
            [
              76.641682,
              12.299214
            ],
            [
              76.643694,
              12.298802
            ],
            [
              76.651968,
              12.297872
            ],
            [
              76.65177,
              12.292228
            ],
            [
              76.650737,
              12.292351
            ],
            [
              76.64877,
              12.292912
            ],
            [
              76.648428,
              12.294457
            ],
            [
              76.638565,
              12.295704
            ],
            [
              76.639068,
              12.299609
            ],
            [
              76.641682,
              12.299214
            ]
          ]
        ]
      }
    },
    {
      "type": "Feature",
      "properties": {
        "ward_id": 50,
        "ward_number": 50,
        "ward_name": "Sunnadakeri",
        "population_2001": 9278,
        "population_2011": 12799,
        "city": "Mysuru",
        "state": "Karnataka",
        "source": "Mysuru District Administration, Government of Karnataka — Mysuru City Corporation Election-2018"
      },
      "geometry": {
        "type": "Polygon",
        "coordinates": [
          [
            [
              76.649156,
              12.301725
            ],
            [
              76.649461,
              12.301672
            ],
            [
              76.649587,
              12.300557
            ],
            [
              76.649982,
              12.299978
            ],
            [
              76.650081,
              12.298126
            ],
            [
              76.643694,
              12.298802
            ],
            [
              76.641682,
              12.299214
            ],
            [
              76.642059,
              12.301637
            ],
            [
              76.643443,
              12.302637
            ],
            [
              76.649156,
              12.301725
            ]
          ]
        ]
      }
    },
    {
      "type": "Feature",
      "properties": {
        "ward_id": 51,
        "ward_number": 51,
        "ward_name": "Agrahaara",
        "population_2001": 8226,
        "population_2011": 9292,
        "city": "Mysuru",
        "state": "Karnataka",
        "source": "Mysuru District Administration, Government of Karnataka — Mysuru City Corporation Election-2018"
      },
      "geometry": {
        "type": "Polygon",
        "coordinates": [
          [
            [
              76.655965,
              12.308228
            ],
            [
              76.660277,
              12.307122
            ],
            [
              76.660079,
              12.306324
            ],
            [
              76.658471,
              12.30348
            ],
            [
              76.657861,
              12.302664
            ],
            [
              76.657268,
              12.302181
            ],
            [
              76.656738,
              12.301944
            ],
            [
              76.656531,
              12.301567
            ],
            [
              76.65663,
              12.300777
            ],
            [
              76.658211,
              12.297477
            ],
            [
              76.65592,
              12.297046
            ],
            [
              76.652111,
              12.297872
            ],
            [
              76.650081,
              12.298126
            ],
            [
              76.649982,
              12.299978
            ],
            [
              76.649587,
              12.300557
            ],
            [
              76.649461,
              12.301672
            ],
            [
              76.649156,
              12.301725
            ],
            [
              76.649336,
              12.302716
            ],
            [
              76.649336,
              12.304296
            ],
            [
              76.650018,
              12.304358
            ],
            [
              76.650171,
              12.305306
            ],
            [
              76.65248,
              12.304972
            ],
            [
              76.652974,
              12.307035
            ],
            [
              76.653189,
              12.308702
            ],
            [
              76.655965,
              12.308228
            ]
          ]
        ]
      }
    },
    {
      "type": "Feature",
      "properties": {
        "ward_id": 52,
        "ward_number": 52,
        "ward_name": "Ittige Goodu",
        "population_2001": 24156,
        "population_2011": 12040,
        "city": "Mysuru",
        "state": "Karnataka",
        "source": "Mysuru District Administration, Government of Karnataka — Mysuru City Corporation Election-2018"
      },
      "geometry": {
        "type": "Polygon",
        "coordinates": [
          [
            [
              76.676231,
              12.307921
            ],
            [
              76.676707,
              12.307921
            ],
            [
              76.677309,
              12.306464
            ],
            [
              76.677516,
              12.30276
            ],
            [
              76.678046,
              12.3009
            ],
            [
              76.678971,
              12.299372
            ],
            [
              76.680247,
              12.299522
            ],
            [
              76.691961,
              12.30233
            ],
            [
              76.6925,
              12.30233
            ],
            [
              76.693596,
              12.301101
            ],
            [
              76.693955,
              12.299443
            ],
            [
              76.694539,
              12.298784
            ],
            [
              76.695024,
              12.2986
            ],
            [
              76.696865,
              12.298784
            ],
            [
              76.698015,
              12.299118
            ],
            [
              76.702884,
              12.296327
            ],
            [
              76.704582,
              12.295045
            ],
            [
              76.704896,
              12.294475
            ],
            [
              76.704447,
              12.294071
            ],
            [
              76.703935,
              12.292667
            ],
            [
              76.703944,
              12.291868
            ],
            [
              76.70433,
              12.289937
            ],
            [
              76.704205,
              12.289445
            ],
            [
              76.70195,
              12.287532
            ],
            [
              76.701016,
              12.286084
            ],
            [
              76.700557,
              12.286408
            ],
            [
              76.699794,
              12.286584
            ],
            [
              76.699048,
              12.287234
            ],
            [
              76.697656,
              12.287374
            ],
            [
              76.696892,
              12.287593
            ],
            [
              76.69621,
              12.287023
            ],
            [
              76.69497,
              12.286558
            ],
            [
              76.693533,
              12.286242
            ],
            [
              76.692113,
              12.286347
            ],
            [
              76.690604,
              12.285118
            ],
            [
              76.688978,
              12.284671
            ],
            [
              76.687963,
              12.28532
            ],
            [
              76.686768,
              12.285346
            ],
            [
              76.687083,
              12.286329
            ],
            [
              76.68702,
              12.286786
            ],
            [
              76.685133,
              12.28877
            ],
            [
              76.684963,
              12.288392
            ],
            [
              76.684325,
              12.288094
            ],
            [
              76.68181,
              12.287646
            ],
            [
              76.676788,
              12.286136
            ],
            [
              76.669359,
              12.28424
            ],
            [
              76.667859,
              12.284126
            ],
            [
              76.667158,
              12.284346
            ],
            [
              76.666439,
              12.284776
            ],
            [
              76.666071,
              12.284785
            ],
            [
              76.665164,
              12.286189
            ],
            [
              76.663412,
              12.287374
            ],
            [
              76.661921,
              12.287927
            ],
            [
              76.661768,
              12.288199
            ],
            [
              76.66131,
              12.290218
            ],
            [
              76.660187,
              12.292482
            ],
            [
              76.657088,
              12.300031
            ],
            [
              76.65663,
              12.300777
            ],
            [
              76.656531,
              12.301567
            ],
            [
              76.656738,
              12.301944
            ],
            [
              76.657268,
              12.302181
            ],
            [
              76.657861,
              12.302664
            ],
            [
              76.658471,
              12.30348
            ],
            [
              76.660079,
              12.306324
            ],
            [
              76.660331,
              12.307149
            ],
            [
              76.667176,
              12.306183
            ],
            [
              76.667508,
              12.306999
            ],
            [
              76.667661,
              12.308307
            ],
            [
              76.671722,
              12.307921
            ],
            [
              76.676231,
              12.307921
            ]
          ]
        ]
      }
    },
    {
      "type": "Feature",
      "properties": {
        "ward_id": 53,
        "ward_number": 53,
        "ward_name": "Kurubara Halli",
        "population_2001": 13526,
        "population_2011": 12501,
        "city": "Mysuru",
        "state": "Karnataka",
        "source": "Mysuru District Administration, Government of Karnataka — Mysuru City Corporation Election-2018"
      },
      "geometry": {
        "type": "Polygon",
        "coordinates": [
          [
            [
              76.676708060393,
              12.307918433567098
            ],
            [
              76.681064,
              12.307895
            ],
            [
              76.682591,
              12.307745
            ],
            [
              76.684765,
              12.307184
            ],
            [
              76.68596,
              12.307078
            ],
            [
              76.692733,
              12.305499
            ],
            [
              76.693039,
              12.305288
            ],
            [
              76.69311,
              12.304884
            ],
            [
              76.692643,
              12.303603
            ],
            [
              76.692374,
              12.303252
            ],
            [
              76.6925,
              12.30233
            ],
            [
              76.691961,
              12.30233
            ],
            [
              76.680247,
              12.299522
            ],
            [
              76.678971,
              12.299372
            ],
            [
              76.678046,
              12.3009
            ],
            [
              76.677516,
              12.30276
            ],
            [
              76.677309,
              12.306464
            ],
            [
              76.676708060393,
              12.307918433567098
            ]
          ]
        ]
      }
    },
    {
      "type": "Feature",
      "properties": {
        "ward_id": 54,
        "ward_number": 54,
        "ward_name": "Gundurao Nagara",
        "population_2001": 8183,
        "population_2011": 14741,
        "city": "Mysuru",
        "state": "Karnataka",
        "source": "Mysuru District Administration, Government of Karnataka — Mysuru City Corporation Election-2018"
      },
      "geometry": {
        "type": "Polygon",
        "coordinates": [
          [
            [
              76.666071,
              12.284785
            ],
            [
              76.666404,
              12.28424
            ],
            [
              76.665155,
              12.283731
            ],
            [
              76.663969,
              12.283038
            ],
            [
              76.663816,
              12.282432
            ],
            [
              76.664131,
              12.281774
            ],
            [
              76.664086,
              12.281063
            ],
            [
              76.662235,
              12.27807
            ],
            [
              76.65901,
              12.278052
            ],
            [
              76.658822,
              12.277561
            ],
            [
              76.656082,
              12.276937
            ],
            [
              76.652893,
              12.279027
            ],
            [
              76.652507,
              12.27972
            ],
            [
              76.6523,
              12.280607
            ],
            [
              76.652183,
              12.283152
            ],
            [
              76.6523,
              12.286303
            ],
            [
              76.655588,
              12.286294
            ],
            [
              76.66211,
              12.287936
            ],
            [
              76.663412,
              12.287374
            ],
            [
              76.665164,
              12.286189
            ],
            [
              76.666071,
              12.284785
            ]
          ]
        ]
      }
    },
    {
      "type": "Feature",
      "properties": {
        "ward_id": 55,
        "ward_number": 55,
        "ward_name": "Chamundipuram",
        "population_2001": 9240,
        "population_2011": 12734,
        "city": "Mysuru",
        "state": "Karnataka",
        "source": "Mysuru District Administration, Government of Karnataka — Mysuru City Corporation Election-2018"
      },
      "geometry": {
        "type": "Polygon",
        "coordinates": [
          [
            [
              76.649749,
              12.292605
            ],
            [
              76.649327,
              12.29085
            ],
            [
              76.651896,
              12.290121
            ],
            [
              76.652399,
              12.287111
            ],
            [
              76.652264,
              12.284021
            ],
            [
              76.649093,
              12.284003
            ],
            [
              76.648689,
              12.285469
            ],
            [
              76.646182,
              12.285329
            ],
            [
              76.646084,
              12.285452
            ],
            [
              76.643146,
              12.285715
            ],
            [
              76.644431,
              12.288726
            ],
            [
              76.645634,
              12.290113
            ],
            [
              76.648707,
              12.293097
            ],
            [
              76.648904,
              12.292842
            ],
            [
              76.649749,
              12.292605
            ]
          ]
        ]
      }
    },
    {
      "type": "Feature",
      "properties": {
        "ward_id": 56,
        "ward_number": 56,
        "ward_name": "Krishnamurthy Puram",
        "population_2001": 7792,
        "population_2011": 11641,
        "city": "Mysuru",
        "state": "Karnataka",
        "source": "Mysuru District Administration, Government of Karnataka — Mysuru City Corporation Election-2018"
      },
      "geometry": {
        "type": "Polygon",
        "coordinates": [
          [
            [
              76.648707,
              12.293097
            ],
            [
              76.644979,
              12.289428
            ],
            [
              76.644431,
              12.288726
            ],
            [
              76.644053,
              12.287839
            ],
            [
              76.643146,
              12.288129
            ],
            [
              76.64302,
              12.287356
            ],
            [
              76.638664,
              12.287857
            ],
            [
              76.638502,
              12.286531
            ],
            [
              76.637469,
              12.286663
            ],
            [
              76.637855,
              12.290288
            ],
            [
              76.637559,
              12.290332
            ],
            [
              76.637604,
              12.291148
            ],
            [
              76.637729,
              12.291254
            ],
            [
              76.637801,
              12.291921
            ],
            [
              76.638295,
              12.291991
            ],
            [
              76.638565,
              12.295704
            ],
            [
              76.648428,
              12.294457
            ],
            [
              76.648707,
              12.293097
            ]
          ]
        ]
      }
    },
    {
      "type": "Feature",
      "properties": {
        "ward_id": 57,
        "ward_number": 57,
        "ward_name": "Kuvempu Nagara CITB",
        "population_2001": 15030,
        "population_2011": 12607,
        "city": "Mysuru",
        "state": "Karnataka",
        "source": "Mysuru District Administration, Government of Karnataka — Mysuru City Corporation Election-2018"
      },
      "geometry": {
        "type": "Polygon",
        "coordinates": [
          [
            [
              76.633193,
              12.285855
            ],
            [
              76.63278,
              12.280607
            ],
            [
              76.632591,
              12.280387
            ],
            [
              76.632573,
              12.27965
            ],
            [
              76.630085,
              12.279878
            ],
            [
              76.627974,
              12.278965
            ],
            [
              76.625809,
              12.278228
            ],
            [
              76.625315,
              12.279255
            ],
            [
              76.625764,
              12.282424
            ],
            [
              76.623473,
              12.282617
            ],
            [
              76.623563,
              12.283775
            ],
            [
              76.623769,
              12.284091
            ],
            [
              76.623877,
              12.286777
            ],
            [
              76.633193,
              12.285855
            ]
          ]
        ]
      }
    },
    {
      "type": "Feature",
      "properties": {
        "ward_id": 58,
        "ward_number": 58,
        "ward_name": "Ramakrishna Nagara",
        "population_2001": 11630,
        "population_2011": 18420,
        "city": "Mysuru",
        "state": "Karnataka",
        "source": "Mysuru District Administration, Government of Karnataka — Mysuru City Corporation Election-2018"
      },
      "geometry": {
        "type": "Polygon",
        "coordinates": [
          [
            [
              76.622233,
              12.289902
            ],
            [
              76.622557,
              12.286874
            ],
            [
              76.623877,
              12.286777
            ],
            [
              76.623769,
              12.284091
            ],
            [
              76.623563,
              12.283775
            ],
            [
              76.623383,
              12.281932
            ],
            [
              76.623823,
              12.281888
            ],
            [
              76.62385,
              12.281484
            ],
            [
              76.623248,
              12.281502
            ],
            [
              76.620571,
              12.282204
            ],
            [
              76.619889,
              12.278754
            ],
            [
              76.619565,
              12.278754
            ],
            [
              76.619601,
              12.279018
            ],
            [
              76.619476,
              12.279079
            ],
            [
              76.61581,
              12.27965
            ],
            [
              76.615783,
              12.280097
            ],
            [
              76.613861,
              12.279632
            ],
            [
              76.612442,
              12.282766
            ],
            [
              76.614086,
              12.283187
            ],
            [
              76.613295,
              12.285733
            ],
            [
              76.612612,
              12.285583
            ],
            [
              76.611031,
              12.284135
            ],
            [
              76.608992,
              12.285469
            ],
            [
              76.60786,
              12.287857
            ],
            [
              76.606728,
              12.289235
            ],
            [
              76.60777,
              12.289665
            ],
            [
              76.611912,
              12.290262
            ],
            [
              76.611849,
              12.291262
            ],
            [
              76.617257,
              12.292614
            ],
            [
              76.619898,
              12.290279
            ],
            [
              76.620868,
              12.289226
            ],
            [
              76.622233,
              12.289902
            ]
          ]
        ]
      }
    },
    {
      "type": "Feature",
      "properties": {
        "ward_id": 59,
        "ward_number": 59,
        "ward_name": "Kuvempu Nagara M-Block",
        "population_2001": 27076,
        "population_2011": 13526,
        "city": "Mysuru",
        "state": "Karnataka",
        "source": "Mysuru District Administration, Government of Karnataka — Mysuru City Corporation Election-2018"
      },
      "geometry": {
        "type": "Polygon",
        "coordinates": [
          [
            [
              76.633337,
              12.296213
            ],
            [
              76.633319,
              12.295203
            ],
            [
              76.633867,
              12.293141
            ],
            [
              76.633786,
              12.288129
            ],
            [
              76.633651,
              12.287988
            ],
            [
              76.633624,
              12.287049
            ],
            [
              76.633498,
              12.286882
            ],
            [
              76.633516,
              12.285899
            ],
            [
              76.626518,
              12.286426
            ],
            [
              76.622557,
              12.286874
            ],
            [
              76.622233,
              12.289902
            ],
            [
              76.623419,
              12.290806
            ],
            [
              76.624147,
              12.291552
            ],
            [
              76.62562,
              12.294343
            ],
            [
              76.625907,
              12.296046
            ],
            [
              76.627749,
              12.296309
            ],
            [
              76.633337,
              12.296213
            ]
          ]
        ]
      }
    },
    {
      "type": "Feature",
      "properties": {
        "ward_id": 60,
        "ward_number": 60,
        "ward_name": "Ashoka Puram",
        "population_2001": 8835,
        "population_2011": 10840,
        "city": "Mysuru",
        "state": "Karnataka",
        "source": "Mysuru District Administration, Government of Karnataka — Mysuru City Corporation Election-2018"
      },
      "geometry": {
        "type": "Polygon",
        "coordinates": [
          [
            [
              76.644053,
              12.287839
            ],
            [
              76.642841,
              12.285109
            ],
            [
              76.64232,
              12.284469
            ],
            [
              76.641044,
              12.281985
            ],
            [
              76.640469,
              12.281405
            ],
            [
              76.639436,
              12.273453
            ],
            [
              76.637639,
              12.269529
            ],
            [
              76.636696,
              12.268081
            ],
            [
              76.63516,
              12.268081
            ],
            [
              76.635618,
              12.271144
            ],
            [
              76.636526,
              12.279764
            ],
            [
              76.635169,
              12.27972
            ],
            [
              76.632645,
              12.280062
            ],
            [
              76.633193,
              12.285855
            ],
            [
              76.637343,
              12.285496
            ],
            [
              76.637469,
              12.286663
            ],
            [
              76.638502,
              12.286531
            ],
            [
              76.638664,
              12.287857
            ],
            [
              76.64302,
              12.287356
            ],
            [
              76.643146,
              12.288129
            ],
            [
              76.644053,
              12.287839
            ]
          ]
        ]
      }
    },
    {
      "type": "Feature",
      "properties": {
        "ward_id": 61,
        "ward_number": 61,
        "ward_name": "Vidyaranya Puram",
        "population_2001": 9220,
        "population_2011": 9862,
        "city": "Mysuru",
        "state": "Karnataka",
        "source": "Mysuru District Administration, Government of Karnataka — Mysuru City Corporation Election-2018"
      },
      "geometry": {
        "type": "Polygon",
        "coordinates": [
          [
            [
              76.652264,
              12.284021
            ],
            [
              76.652282,
              12.281361
            ],
            [
              76.649273,
              12.281432
            ],
            [
              76.647458,
              12.281651
            ],
            [
              76.643209,
              12.281625
            ],
            [
              76.641044,
              12.281985
            ],
            [
              76.64232,
              12.284469
            ],
            [
              76.643146,
              12.285715
            ],
            [
              76.646084,
              12.285452
            ],
            [
              76.646182,
              12.285329
            ],
            [
              76.648689,
              12.285469
            ],
            [
              76.649093,
              12.284003
            ],
            [
              76.652264,
              12.284021
            ]
          ]
        ]
      }
    },
    {
      "type": "Feature",
      "properties": {
        "ward_id": 62,
        "ward_number": 62,
        "ward_name": "Vishweshwara Nagara",
        "population_2001": 8750,
        "population_2011": 15108,
        "city": "Mysuru",
        "state": "Karnataka",
        "source": "Mysuru District Administration, Government of Karnataka — Mysuru City Corporation Election-2018"
      },
      "geometry": {
        "type": "Polygon",
        "coordinates": [
          [
            [
              76.652282,
              12.281361
            ],
            [
              76.652372,
              12.280141
            ],
            [
              76.652893,
              12.279027
            ],
            [
              76.656082,
              12.276937
            ],
            [
              76.658822,
              12.277561
            ],
            [
              76.658426,
              12.273927
            ],
            [
              76.658301,
              12.270117
            ],
            [
              76.657798,
              12.267264
            ],
            [
              76.650378,
              12.267255
            ],
            [
              76.64885,
              12.267387
            ],
            [
              76.648374,
              12.266123
            ],
            [
              76.648285,
              12.265237
            ],
            [
              76.647898,
              12.265228
            ],
            [
              76.647611,
              12.263051
            ],
            [
              76.647952,
              12.262981
            ],
            [
              76.647952,
              12.262638
            ],
            [
              76.644628,
              12.262989
            ],
            [
              76.644952,
              12.265368
            ],
            [
              76.640406,
              12.266615
            ],
            [
              76.641026,
              12.267967
            ],
            [
              76.640936,
              12.268362
            ],
            [
              76.637208,
              12.268836
            ],
            [
              76.639436,
              12.273453
            ],
            [
              76.640469,
              12.281405
            ],
            [
              76.641044,
              12.281985
            ],
            [
              76.643209,
              12.281625
            ],
            [
              76.647458,
              12.281651
            ],
            [
              76.649273,
              12.281432
            ],
            [
              76.652282,
              12.281361
            ]
          ]
        ]
      }
    },
    {
      "type": "Feature",
      "properties": {
        "ward_id": 63,
        "ward_number": 63,
        "ward_name": "J.P. Nagara",
        "population_2001": 18912,
        "population_2011": 23011,
        "city": "Mysuru",
        "state": "Karnataka",
        "source": "Mysuru District Administration, Government of Karnataka — Mysuru City Corporation Election-2018"
      },
      "geometry": {
        "type": "Polygon",
        "coordinates": [
          [
            [
              76.657798,
              12.267264
            ],
            [
              76.657106,
              12.262111
            ],
            [
              76.653971,
              12.260883
            ],
            [
              76.653055,
              12.260321
            ],
            [
              76.65203,
              12.257977
            ],
            [
              76.651707,
              12.256133
            ],
            [
              76.649003,
              12.255501
            ],
            [
              76.643173,
              12.255501
            ],
            [
              76.640972,
              12.254211
            ],
            [
              76.634145,
              12.25328
            ],
            [
              76.633831,
              12.254536
            ],
            [
              76.633768,
              12.255677
            ],
            [
              76.634217,
              12.259855
            ],
            [
              76.634648,
              12.261795
            ],
            [
              76.635106,
              12.266185
            ],
            [
              76.634864,
              12.266474
            ],
            [
              76.636337,
              12.267677
            ],
            [
              76.637208,
              12.268836
            ],
            [
              76.640936,
              12.268362
            ],
            [
              76.641026,
              12.267967
            ],
            [
              76.640406,
              12.266615
            ],
            [
              76.644952,
              12.265368
            ],
            [
              76.644628,
              12.262989
            ],
            [
              76.647835,
              12.262629
            ],
            [
              76.647952,
              12.262638
            ],
            [
              76.647952,
              12.262981
            ],
            [
              76.647611,
              12.263051
            ],
            [
              76.647898,
              12.265228
            ],
            [
              76.648285,
              12.265237
            ],
            [
              76.648374,
              12.266123
            ],
            [
              76.64885,
              12.267387
            ],
            [
              76.650378,
              12.267255
            ],
            [
              76.657798,
              12.267264
            ]
          ]
        ]
      }
    },
    {
      "type": "Feature",
      "properties": {
        "ward_id": 64,
        "ward_number": 64,
        "ward_name": "Aravinda Nagara",
        "population_2001": 6678,
        "population_2011": 10389,
        "city": "Mysuru",
        "state": "Karnataka",
        "source": "Mysuru District Administration, Government of Karnataka — Mysuru City Corporation Election-2018"
      },
      "geometry": {
        "type": "Polygon",
        "coordinates": [
          [
            [
              76.636544,
              12.267993
            ],
            [
              76.635466,
              12.266922
            ],
            [
              76.632914,
              12.265245
            ],
            [
              76.633049,
              12.267528
            ],
            [
              76.629088,
              12.268142
            ],
            [
              76.629555,
              12.269933
            ],
            [
              76.629941,
              12.270591
            ],
            [
              76.628207,
              12.271039
            ],
            [
              76.622287,
              12.271846
            ],
            [
              76.620338,
              12.272241
            ],
            [
              76.620554,
              12.272698
            ],
            [
              76.6205,
              12.272882
            ],
            [
              76.619116,
              12.272733
            ],
            [
              76.618802,
              12.272838
            ],
            [
              76.618919,
              12.27433
            ],
            [
              76.623123,
              12.274076
            ],
            [
              76.623069,
              12.275893
            ],
            [
              76.623338,
              12.276384
            ],
            [
              76.625809,
              12.278228
            ],
            [
              76.627974,
              12.278965
            ],
            [
              76.630085,
              12.279878
            ],
            [
              76.632573,
              12.27965
            ],
            [
              76.632645,
              12.280062
            ],
            [
              76.635169,
              12.27972
            ],
            [
              76.636526,
              12.279764
            ],
            [
              76.635618,
              12.271144
            ],
            [
              76.63516,
              12.268081
            ],
            [
              76.636544,
              12.267993
            ]
          ]
        ]
      }
    },
    {
      "type": "Feature",
      "properties": {
        "ward_id": 65,
        "ward_number": 65,
        "ward_name": "Sriram Pura",
        "population_2001": 13558,
        "population_2011": 18340,
        "city": "Mysuru",
        "state": "Karnataka",
        "source": "Mysuru District Administration, Government of Karnataka — Mysuru City Corporation Election-2018"
      },
      "geometry": {
        "type": "Polygon",
        "coordinates": [
          [
            [
              76.632914,
              12.265245
            ],
            [
              76.631648,
              12.264569
            ],
            [
              76.630354,
              12.264201
            ],
            [
              76.62968,
              12.263814
            ],
            [
              76.628989,
              12.263814
            ],
            [
              76.627866,
              12.26413
            ],
            [
              76.627219,
              12.264034
            ],
            [
              76.6265,
              12.263314
            ],
            [
              76.624165,
              12.259961
            ],
            [
              76.623491,
              12.259232
            ],
            [
              76.622593,
              12.259022
            ],
            [
              76.620149,
              12.259302
            ],
            [
              76.619646,
              12.261172
            ],
            [
              76.619233,
              12.261304
            ],
            [
              76.619502,
              12.265544
            ],
            [
              76.618892,
              12.265754
            ],
            [
              76.619269,
              12.270012
            ],
            [
              76.618514,
              12.270328
            ],
            [
              76.619664,
              12.271346
            ],
            [
              76.620338,
              12.272241
            ],
            [
              76.629761,
              12.270696
            ],
            [
              76.629941,
              12.270451
            ],
            [
              76.629555,
              12.269933
            ],
            [
              76.629088,
              12.268142
            ],
            [
              76.633049,
              12.267528
            ],
            [
              76.632914,
              12.265245
            ]
          ]
        ]
      }
    }
  ]
}